application_id,student_id,application_date,intake_term,applicant_source,program_applied,decision_status
APP000568,STU00568,2023-09-07,Spring 2024,,STEM Track,Accepted
APP000238,STU00238,2020-08-23,Fall 2024,Walk-in,General Track,accepted
APP000306,STU00306,2/12/2023,Spring 2024,Social Media,STEM Track,Accepted
APP000213,STU00213,2019-03-16,Fall 2023,Referral,STEM Track,Accepted
APP001074,,17/12/2024,Spring 2025,Referral,General Track,Accepted
APP000631,STU00631,2022-04-14,Spring 2024,School Fair,General Track,Accepted
APP000646,STU00646,2025-04-09,,Agent/Partner,Sports Academy,Accepted
APP000158,STU00158,2021-04-15,Spring 2025,Agent/Partner,,Accepted
APP000836,STU00836,2022-02-12,Fall 2023,Walk-in,Sports Academy,accepted
APP000255,STU00255,2024-03-11,Spring 2025,Agent/Partner,General Track,ACCEPTED
APP000823,STU00823,31-Jul-2021,Fall 2023,Agent/Partner,International Baccalaureate,Accepted
APP000209,STU00209,2021-01-14,Fall 2023,School Fair,Sports Academy,Accepted
APP001078,,2021-10-03,Fall 2025,Website,Arts Track,Accepted
APP000929,STU00929,2020-12-22,Fall 2025,Social Media,Arts Track,Accepted
APP000240,STU00240,2021-05-08,Fall 2025,Social Media,International Baccalaureate,Accepted
APP000794,STU00794,2021-09-23,Spring 2025,Website,International Baccalaureate,Accepted
APP001211,,44622,,Website,General Track,Accepted
APP001126,,2025-01-17,Fall 2024,Walk-in  ,International Baccalaureate,Accepted
APP000025,STU00025,2021-04-26,Fall 2024,Referral,Arts Track,Accepted
APP000928,STU00928,44020,Fall 2024,Social Media,Sports Academy,Accepted
APP001172,,2021-05-30,Fall 2024,Walk-in,International Baccalaureate,Rejected
APP000298,STU00298,"September 15, 2024",Spring 2025,Social Media,Sports Academy,Accepted
APP000505,STU00505,,Fall 2023,School Fair,,Accepted
APP001120,,2019-03-02,Fall 2025,Website,General Track,Accepted
APP000454,STU00454,18-Mar-2022,Fall 2025,Website,Sports Academy,Accepted
APP000078,STU00078,2021-06-03,Fall 2025,,STEM Track,Accepted
APP000914,STU00914,2023-06-25,Fall 2025,Referral,Sports Academy,Accepted
APP000639,STU00639,2019-06-27,Fall 2023,Walk-in,Sports Academy,Accepted
APP000443,STU00443,,Spring 2025,Website,STEM Track,Accepted
APP001118,,2021-11-30,Fall 2024,Website,Sports Academy,Waitlisted
APP000186,STU00186,2023-07-17,Spring 2025,Website,Arts Track,Accepted
APP000046,STU00046,2019-04-08,Fall 2025,Referral,International Baccalaureate,Accepted
APP000680,STU00680,2021-03-14,Spring 2024,Agent/Partner,STEM Track,Accepted
APP000653,STU00653,13/9/2021,Fall 2025,Agent/Partner,international baccalaureate,
APP000116,STU00116,19-May-2024,Spring 2025,Social Media,International Baccalaureate,Accepted
APP000934,STU00934,2021-09-14,Fall 2025,Referral,  Sports Academy,Accepted
APP000977,STU00977,2019-06-11,Fall 2024,walk-in,Sports Academy,Accepted
APP001237,,2021-04-24,Fall 2025,Website,General Track,Accepted
APP001025,,2021-07-16,Fall 2024,Walk-in,International Baccalaureate,Accepted
APP000950,STU00950,2021-05-08,Spring 2024,  Agent/Partner,Arts Track,Accepted
APP000986,STU00986,2025-05-31,Fall 2025,Website,Sports Academy,Accepted
APP000160,STU00160,2019-03-19,Spring 2025,Referral,  General Track,Accepted
APP001253,,2023-06-26,Spring 2025,Website,Sports Academy,Rejected
APP000547,STU00547,2023-09-21,Fall 2024,Walk-in,International Baccalaureate,Accepted
APP000441,STU00441,2023-10-24,Spring 2024,School Fair,Sports Academy,accepted
APP000088,STU00088,2021-10-03,Fall 2023,School Fair,STEM Track,Accepted
APP001167,,20-Dec-2022,Fall 2023,,STEM Track,Accepted
APP001117,,2022-12-31,Fall 2025,Agent/Partner  ,Arts Track,Waitlisted
,STU00917,2023-04-24,Spring 2024,Agent/Partner,General Track  ,Accepted
APP000005,STU00005,2025-01-21,Spring 2025,Referral,International Baccalaureate,  Accepted
APP000352,STU00352,2020-01-07,,,Arts Track,Accepted
APP000076,STU00076,2019-11-07,Spring 2025,Referral,Arts Track,Accepted
APP000838,STU00838,2024-10-31,Spring 2024,Agent/Partner,Sports Academy,Accepted
APP000944,944,2021-08-20,Spring 2024,,Arts Track,Accepted
APP001001,,2019-09-25,Fall 2025,,Arts Track,Rejected
APP000314,STU00314,2020-11-23,Fall 2023,Referral,International Baccalaureate,Accepted  
APP001052,,2023-10-22,Fall 2023,Referral,General Track,Accepted
APP000496,STU00496,2022-03-05,Fall 2024,School Fair,International Baccalaureate,Accepted
APP000785,STU00785,2020-01-14,Spring 2025,Website,STEM Track,Accepted
APP001274,,2024-06-21,Fall 2024,Walk-in,Sports Academy,Accepted
APP000721,STU00721,2020-06-22,Spring 2025,School Fair,Sports Academy,ACCEPTED
APP000674,STU00674,2024-07-12,Spring 2025,Walk-in,Sports  Academy,Accepted
APP000294,STU00294,2019-11-24,Spring 2025,School Fair,Sports Academy,ACCEPTED
APP000665,S0665,2020-08-30,Fall 2025,Walk-in,Arts Track,Accepted
APP001165,,2023-10-26,Fall 2023,Website,STEM Track,Accepted
APP000414,STU00414,,Fall 2024,School Fair,  General Track,Accepted
APP000340,S0340,2019-06-06,Fall 2023,Website,Arts Track,Accepted
APP001018,,2020-10-01,Fall 2024,Referral,Arts Track,Accepted
APP000062,STU00062,2023-01-13,Fall 2024,Agent/Partner,International Baccalaureate,Accepted  
APP000593,STU00593,2022-02-28,Spring 2024,Walk-in,Arts Track,Accepted
APP000183,STU00183,2020-06-04,,Walk-in,General Track,Accepted
APP001183,,2019-03-15,Spring 2025,Agent/Partner,General Track,
APP000122,STU00122,2022-08-09,Fall 2023,Website,STEM Track,Accepted
APP000038,STU00038,2025-02-04,Fall 2025,Website,STEM Track,Accepted
APP000724,STU00724,2023-09-08,Spring 2024,School Fair,Sports Academy,Accepted
APP000177,STU00177,3/1/2022,Spring 2024,,Arts Track,Accepted
APP000072,STU00072,29/8/2019,Fall 2024,  Walk-in,Sports Academy,Accepted
APP000312,stu00312,2020-01-20,Fall 2023,Referral,Sports Academy,Accepted
,STU00671,2024-06-14,Fall 2025,Walk-in,General Track  ,Accepted
APP000719,STU00719,2024-04-01,Spring 2024,Website,GENERAL TRACK,Accepted
APP000618,STU00618,2022-02-14,Fall 2024,Walk-in,Arts Track,Accepted
APP001038,,13-Jun-2023,Fall 2023,Referral,International Baccalaureate,Rejected
APP001002,,10/6/2020,Spring 2024,Referral,Sports Academy,Accepted
APP000741,STU00741,2022-06-04,Spring 2024,Referral,International Baccalaureate,Accepted
APP000115,STU00115,2022-02-25,Spring 2024,Social  Media,STEM Track,Accepted
APP000169,STU00169,2022-02-12,Spring 2024,School Fair,INTERNATIONAL BACCALAUREATE,Accepted
APP000754,STU00754,2024-04-04,Fall 2023,Website,Sports Academy,Accepted
,,2020-06-24,Fall 2023,Social Media,General Track,Accepted
APP000460,STU00460,2021-03-15,Fall 2024,Website,General Track,Accepted
APP000362,STU00362,2023-05-15,Spring 2025,School Fair,STEM Track,Accepted
APP000686,STU00686,2019-07-29,Spring 2025,Walk-in,International Baccalaureate,Accepted
APP001224,,10-Jan-2021,Spring 2025,Social Media,International Baccalaureate,Rejected
APP000144,stu00144,2021-12-21,Spring 2025,Referral,General Track  ,Accepted
APP000447,STU00447,2020-09-01,Spring 2025,Social Media,General Track,Accepted
APP000546,STU00546,2021-02-20,Fall 2023,Agent/Partner,Arts Track,Accepted
APP000163,STU00163,45311,Fall 2025,Walk-in,STEM Track,Accepted
APP000480,STU00480,2024-10-30,Fall 2023,Social Media,General Track,Accepted
APP000859,STU00859,2024-10-14,Fall 2024,Referral,arts track,Accepted
APP000951,STU00951,2019-04-04,Spring 2025,Website,sports academy,Accepted
APP000481,STU00481,04-Nov-2021,Fall 2025,Social Media,International  Baccalaureate,Accepted
APP000604,STU00604,2020-12-06,Fall 2023,Agent/Partner,Sports Academy,Accepted
,STU00583,2019-04-19,Fall 2023,School Fair,Sports Academy,Accepted
APP000600,STU00600,44741,Spring 2024,  School Fair,STEM Track,Accepted
APP000967,STU00967,26/9/2022,Fall 2023,Walk-in,Arts Track,Accepted
APP000544,STU00544,2020-03-20,Fall 2023,School Fair,STEM Track,Accepted
APP001077,,2022-07-01,Spring 2025,Social Media,STEM Track,Accepted
APP000712,STU00712,2024-07-10,Spring 2025,Walk-in,STEM Track,Accepted
APP001086,,2024-08-07,Fall 2024,School Fair,International Baccalaureate,Rejected
APP000311,STU00311,2022-01-18,Fall 2025,Social Media,General Track,Accepted
APP000449,STU00449,2020-11-23,Fall 2023,Website,,Accepted
APP001175,,2024-01-07,,Agent/Partner,Sports Academy,ACCEPTED
APP000775,STU00775,2020-07-06,Spring 2025,School Fair,International Baccalaureate,Accepted
APP000261,STU00261,1/30/2022,Spring 2024,Website,Arts Track,Accepted
APP000761,STU00761,2024-06-14,Fall 2023,Referral,Sports Academy,Accepted
APP000881,STU00881,2023-05-18,Fall 2024,Referral,General Track,Accepted
APP000446,STU00446,,Fall 2025,referral,Sports Academy,Accepted
APP000507,STU00507,29/7/2023,Fall 2023,Social Media,,Accepted
APP000431,431,2022-04-30,Spring 2025,School Fair,INTERNATIONAL BACCALAUREATE,Accepted
APP000533,533,2021-06-11,Spring 2025,Social Media,Sports Academy,Accepted
APP001260,,2019-09-30,Spring 2024,Agent/Partner,International Baccalaureate,Rejected
APP000930,STU00930,2025-04-28,Spring 2025,Agent/Partner,General Track,Accepted
APP000196,STU00196,2019-05-25,Fall 2025,Referral,STEM Track,Accepted
APP001171,,2021-03-27,Spring 2024,Website,Sports Academy,Waitlisted
APP001298,,2019-11-15,Spring 2024,referral,International Baccalaureate,Waitlisted
APP000659,STU00659,2025-04-09,Fall 2023,Agent/Partner,General Track,Accepted
APP001194,,2022-07-10,Spring 2025,Website,STEM Track,Accepted
APP000870,STU00870,2021-08-20,Fall 2023,Social Media,International Baccalaureate,Accepted
APP001194,,10-Jul-2022,Spring 2025,website,STEM Track,Accepted
APP000173,STU00173,4/17/2023,Fall 2025,School Fair,international baccalaureate,Accepted
APP000959,STU959,2020-11-29,,Website,STEM Track,Accepted
APP000772,STU00772,26-Apr-2025,Fall 2025,Social Media,General Track,Accepted
APP000131,STU00131,5/12/2024,Spring 2024,Website,Arts Track,Accepted
APP000491,STU00491,6/9/2021,Fall 2023,Website,Arts Track  ,Accepted
APP000728,STU00728,8/21/2019,Spring 2024,School Fair  ,STEM Track,
APP000807,STU00807,2023-02-21,Spring 2024,Website,STEM Track,Accepted
APP000725,STU00725,2022-02-07,,Referral,Arts Track,Accepted
APP000357,STU00357,11-Nov-2022,Spring 2024,  Walk-in,STEM Track,Accepted
APP000235,STU00235,2019-04-20,Fall 2023,Social Media,International Baccalaureate,Accepted
APP000270,STU00270,2020-01-04,,Referral,STEM Track,Accepted
APP001013,,2022-03-02,Spring 2024,Referral,Arts Track,Pending
APP000903,STU00903,2019-10-12,Fall 2023,Website,Sports Academy,Accepted
APP000100,STU00100,2021-03-22,Fall 2023,Agent/Partner,STEM Track,Accepted
APP000791,STU00791,21/3/2019,Spring 2025,  School Fair,International Baccalaureate,Accepted  
APP000933,STU00933,2023-03-12,Spring 2025,Referral,Arts Track,Accepted
APP000167,STU00167,2023-12-05,Fall 2025,Social Media,STEM Track,Accepted  
,,45078,,Walk-in,General Track,Rejected
APP000841,STU00841,04-Dec-2021,Spring 2024,Agent/Partner,Sports Academy,Accepted
,STU00370,10/5/2020,Fall 2025,Social Media,Arts Track,Accepted
APP000523,STU00523,2023-10-18,Fall 2025,Referral,,Accepted
,STU00393,2024-12-11,Fall 2025,Referral,International Baccalaureate,Accepted
APP001231,,2024-01-16,Fall 2024,Agent/Partner,Arts Track,Accepted
APP001042,,2024-04-18,Spring 2024,Walk-in,stem track,Accepted
APP000471,STU00471,2021-05-24,Fall 2023,Social Media,General Track,Accepted
APP000603,STU00603,2019-08-24,Fall 2023,Referral,International Baccalaureate,Accepted
APP000691,STU00691,2020-12-01,Fall 2025,Referral,Sports Academy,Accepted
APP001212,,2025-01-07,Spring 2025,School Fair,Arts Track,Rejected
APP001101,,2019-03-01,Fall 2025,Walk-in,Arts Track,Accepted
APP001188,,2024-01-29,Spring 2024,Website,International Baccalaureate,Rejected
APP000030,stu00030,2024-06-05,Fall 2024,Agent/Partner,General Track,Accepted
APP000287,STU00287,2024-09-28,,Social Media,International Baccalaureate,Accepted
APP000633,STU00633,5/29/2023,Fall 2024,Website,Arts Track,Accepted
APP000048,STU00048,2023-11-16,Fall 2025,Walk-in,Sports Academy,Accepted
APP001080,,12/8/2024,Fall 2025,School Fair,stem track,Accepted
APP000602,STU00602,25-Jun-2020,Spring 2024,Walk-in,STEM Track,Accepted
APP001261,,2020-09-22,Spring 2025,Walk-in,stem track,ACCEPTED
APP000485,STU00485,2022-03-07,Fall 2024,Website,STEM Track,Accepted
,,2021-01-07,Fall 2025,School Fair,International Baccalaureate,Accepted
APP000846,STU00846,2023-05-26,Spring 2024,Referral,STEM Track,Accepted
APP000383,STU383,12/4/2020,Spring 2025,School  Fair,General Track,Accepted
APP000763,STU00763,2022-07-25,Fall 2023,Referral,Sports  Academy,Accepted
APP000866,STU00866,2022-11-06,Fall 2025,Referral,general track,Accepted
APP000522,STU00522,19-Apr-2022,Fall 2023,School Fair,Sports Academy,Accepted
APP000640,STU-00640,2021-04-05,Spring 2025,Referral,STEM Track,Accepted
APP000434,STU00434,2019-11-25,Fall 2023,Agent/Partner,Arts Track,
APP000464,STU464,2021-06-01,Fall 2024,Walk-in,International Baccalaureate,Accepted
APP000694,STU00694,11/20/2023,Fall 2025,Walk-in,General Track,Accepted
APP000630,STU00630,2022-06-28,Fall 2023,Website,General Track,Accepted
APP000961,STU00961,2019-05-21,Spring 2025,SOCIAL MEDIA,Arts Track,Accepted
APP000135,135,2022-09-24,Fall 2024,Agent/Partner,Arts Track,Accepted
APP000799,STU00799,7/10/2022,Fall 2024,Website,Arts Track,Accepted
APP000318,STU00318,2022-01-05,Fall 2023,School Fair,Arts Track,Accepted
APP001160,,2020-07-11,Spring 2025,Walk-in,General Track,Accepted
APP001256,,2023-02-08,Fall 2025,Walk-in,General Track,Waitlisted
APP000744,STU00744,2019-04-06,Fall 2024,Walk-in,General Track,Accepted
APP000819,STU00819,2025-04-25,Fall 2025,Website,STEM Track,Accepted
APP000310,STU00310,2025-03-06,,Website,International Baccalaureate,Accepted
APP000873,STU00873,2021-07-18,Spring 2024,Referral,Sports Academy,Accepted
APP000004,STU00004,2020-07-17,Spring 2024,School Fair,STEM Track,Accepted
APP000770,STU00770,2024-11-21,Spring 2024,School Fair,Arts Track,Accepted
APP000143,STU00143,2024-04-26,Spring 2024,  Website,Sports Academy,Accepted
APP000739,STU00739,2024-04-10,Spring 2024,school fair,General Track,Accepted
APP001187,,,Fall 2025,Website,International Baccalaureate,Accepted
APP000032,STU00032,2021-05-16,Spring 2025,Social Media,STEM Track,Accepted
APP000255,STU00255,2024-03-11,Spring 2025,Agent/Partner,General Track,ACCEPTED
APP000738,stu00738,2024-12-27,Fall 2025,School Fair,Sports Academy,Accepted
APP001158,,8/29/2020,Spring 2025,School Fair,International Baccalaureate,Pending
APP001037,,2024-11-02,Spring 2024,Website,Sports Academy,Accepted
APP001154,,2021-10-12,Fall 2024,Website,International Baccalaureate,Rejected
APP000113,STU00113,2022-12-11,Spring 2024,Referral,international baccalaureate,Accepted
APP000757,STU00757,2020-01-31,Fall 2025,School Fair,International Baccalaureate,Accepted
APP001116,,2024-10-04,Spring 2025,School Fair,Sports Academy,Pending
APP000636,STU00636,2019-11-23,Spring 2025,Walk-in,General Track,Accepted
APP001168,,2024-04-19,Fall 2023,Walk-in,  Arts Track,Accepted
APP000406,STU00406,2024-06-28,Spring 2025,School Fair,Sports Academy,accepted
APP000339,STU00339,2024-06-04,Fall 2025,Social Media,  Arts Track,Accepted
APP000003,STU00003,2021-01-26,Fall 2024,,STEM Track,Accepted
APP000208,STU00208,2021-07-15,Fall 2023,Walk-in,STEM Track,Accepted
APP000503,S0503,2020-07-08,Spring 2024,Referral,International Baccalaureate,Accepted
APP000070,STU00070,2020-07-15,Fall 2025,social media,General Track,Accepted
APP000123,STU00123,2019-03-12,Spring 2024,Agent/Partner,STEM Track,Accepted
APP000329,STU00329,2019-05-18,Fall 2023,Referral,International Baccalaureate,Accepted
APP000718,STU00718,2020-04-09,Fall 2024,Referral,International Baccalaureate,Accepted
APP001015,,2023-08-01,Fall 2023,Agent/Partner,General Track,
APP000231,STU-00231,2021-09-13,Spring 2024,Social Media,International Baccalaureate,Accepted
APP000648,STU00648,2025-04-09,Spring 2024,Website,Arts Track,Accepted
APP001284,,,Spring 2025,School Fair,International Baccalaureate,Accepted
APP000445,STU00445,2019-06-02,Fall 2023,School Fair,STEM Track,Accepted  
APP000765,STU00765,"August 17, 2021",Fall 2024,Referral,Sports Academy,Accepted
APP001027,,45351,Fall 2025,,International Baccalaureate,accepted
APP000919,STU00919,2019-10-07,Fall 2024,Website,General Track,Accepted
APP001162,,2019-06-24,Spring 2024,Agent/Partner,,Accepted
APP000368,STU00368,2022-11-04,Fall 2023,Website,International Baccalaureate,Accepted
APP001233,,2023-02-28,Spring 2025,Referral,Arts Track,Accepted
APP001294,,2023-01-23,Spring 2025,Website,Sports  Academy,Accepted
APP000520,STU00520,2/27/2023,Fall 2023,Walk-in,Sports Academy,Accepted
APP000711,STU00711,2023-12-16,Fall 2024,Walk-in,STEM Track,Accepted
APP000234,STU00234,2020-07-11,Fall 2023,Social Media,STEM Track,Accepted
APP000868,STU00868,2023-08-11,Fall 2023,Walk-in,General Track,Accepted
APP000431,431,"April 30, 2022",Spring 2025,school fair,INTERNATIONAL BACCALAUREATE,Accepted
APP000995,STU00995,"June 22, 2024",Fall 2025,Referral,Arts Track,Accepted
APP001113,,2023-08-13,Fall 2023,Website,,Rejected
APP001195,,2020-05-19,Spring 2024,Referral,STEM Track,Pending
APP000155,STU00155,2025-05-15,Fall 2025,Agent/Partner,STEM Track,Accepted
APP000605,STU00605,"February 17, 2025",Spring 2024,School Fair,STEM Track,Accepted
APP001034,,2024-06-08,Spring 2024,School Fair,STEM Track,Accepted
APP001016,,2019-10-28,Fall 2024,Agent/Partner,Arts Track,Accepted
APP000532,STU00532,2023-05-31,Fall 2024,Agent/Partner,Sports Academy,Accepted
APP001076,,12/7/2019,Fall 2023,School Fair  ,General Track,Accepted
APP000843,STU00843,44107,Spring 2025,Walk-in,Sports Academy,Accepted
APP000971,STU00971,2020-05-09,Spring 2024,Agent/Partner,Arts Track,Accepted
APP001064,,2021-03-29,Fall 2025,School Fair,General Track,Pending
APP001272,,2024-12-22,Fall 2023,Walk-in,General Track,Accepted
APP001184,,2025-05-05,Spring 2024,Walk-in,Arts Track,Accepted  
,STU00577,2022-08-08,Spring 2024,Agent/Partner,General  Track,Accepted
APP000482,STU00482,45213,Spring 2025,Agent/Partner,Sports Academy,Accepted
APP000024,STU00024,2019-07-11,Fall 2025,Referral,STEM Track,ACCEPTED
APP000111,STU00111,2022-05-11,Fall 2024,Website,Arts Track,Accepted
APP000486,STU00486,44981,Fall 2023,,General Track,Accepted
APP001169,,3/8/2023,Spring 2024,Walk-in,General Track,Accepted
APP000293,STU00293,2023-08-27,Spring 2025,Walk-in,Sports Academy,Accepted
APP001207,,2025-03-04,Fall 2024,Referral,International Baccalaureate,Accepted
APP000729,stu00729,04-Jun-2019,Spring 2025,Referral,General Track,Accepted
APP000839,STU00839,2025-05-06,Fall 2023,School Fair,,Accepted
APP000666,STU00666,27-Feb-2020,Fall 2023,Agent/Partner,Sports Academy,Accepted
APP000421,421,2021-01-03,Fall 2023,Social Media,International Baccalaureate,Accepted
APP000264,STU00264,44839,Fall 2025,Agent/Partner,Sports Academy,Accepted
APP000429,STU00429,2022-03-07,Spring 2025,Website,International Baccalaureate,accepted
APP000529,STU00529,2024-05-30,Spring 2025,Referral,STEM Track,  Accepted
APP000662,STU00662,2024-12-20,Fall 2025,School Fair,,Accepted
APP000983,STU00983,2024-02-06,Fall 2024,School Fair,Sports Academy,Accepted
APP000592,STU00592,2022-12-28,Spring 2025,Website,Sports Academy,Accepted
APP001097,,2024-01-10,Fall 2024,School Fair,Arts Track,Accepted
APP000816,STU00816,5/1/2024,Spring 2024,Social Media,International Baccalaureate,Accepted
APP000087,STU00087,2021-04-06,Fall 2024,Website,General Track,Accepted
APP000708,STU00708,4/3/2025,Fall 2024,Walk-in,STEM Track,Accepted
APP000353,STU00353,45186,Fall 2024,,General Track,Accepted
APP000849,STU00849,2022-05-15,Spring 2024,School Fair,Arts Track,Accepted
APP000377,STU00377,2022-10-24,Fall 2023,Social Media,International Baccalaureate,Accepted
APP000339,STU00339,2024-06-04,Fall 2025,Social Media,  Arts Track,Accepted
APP000842,STU00842,2024-09-26,Spring 2025,Referral,Sports Academy,Accepted
APP000554,STU00554,16-Jan-2020,Fall 2025,Agent/Partner,International Baccalaureate,Accepted
APP000254,STU00254,,Spring 2024,Referral,Arts Track,Accepted
APP000740,STU00740,2024-02-03,Fall 2023,Agent/Partner,General Track,Accepted
APP001292,,16/4/2024,Fall 2025,school fair,STEM Track,Accepted
APP001252,,2024-04-01,Fall 2025,Social Media,International Baccalaureate,Accepted
APP000704,STU00704,2020-11-30,Spring 2024,Referral,Arts Track,Accepted
APP000733,STU00733,2025-03-17,Fall 2024,Social Media,International Baccalaureate,Accepted
APP000993,STU00993,2020-07-20,Fall 2023,Agent/Partner,General Track,Accepted
APP000834,STU00834,7/6/2023,Fall 2024,Social Media,Arts Track,Accepted
APP000399,STU00399,2022-08-02,Spring 2025,Website,Sports Academy,Accepted
APP000534,STU00534,27-Jun-2020,Fall 2023,Walk-in,International Baccalaureate,Accepted
,STU00248,2022-08-06,Fall 2024,Walk-in,STEM Track,Accepted
APP001243,,2022-02-08,Spring 2024,Social Media,STEM Track,Waitlisted
APP000277,STU00277,2019-11-01,Fall 2023,Agent/Partner,Arts Track,Accepted
APP001105,,2022-12-26,Fall 2023,Walk-in,International Baccalaureate,Accepted
APP000558,STU00558,45104,Fall 2025,School Fair,Sports Academy,Accepted
APP001134,,18/3/2022,Fall 2023,Social Media,Sports Academy,Waitlisted  
APP001005,,2025-01-14,Spring 2024,Referral,Arts Track,  Rejected
,STU654,2022-09-21,Spring 2025,Website,General Track,Accepted
APP001296,,9/14/2024,Spring 2024,Agent/Partner,General Track,Accepted
APP000484,STU00484,2024-01-05,Fall 2023,Referral,General Track,Accepted
APP001093,,,Fall 2024,Website,STEM Track,Accepted
APP000601,STU00601,2023-08-04,Fall 2023,,General Track,Accepted
APP001255,,2019-08-16,Spring 2025,Website,General Track,Accepted
APP000999,STU-00999,27/6/2023,Fall 2023,School Fair,International  Baccalaureate,Accepted
APP000800,STU00800,2023-09-01,Fall 2024,WALK-IN,  International Baccalaureate,Accepted
APP000940,STU00940,2020-08-22,Fall 2023,School Fair,International Baccalaureate,Accepted
APP000966,STU-00966,44290,Fall 2023,Social Media,,Accepted
APP000697,STU00697,44077,Fall 2025,School Fair,STEM Track,Accepted
APP000474,STU00474,9/10/2023,Fall 2025,,General Track,Accepted
APP000033,STU00033,24/3/2019,Spring 2025,Website,Sports Academy,Accepted
,,2023-08-30,Fall 2024,Walk-in,STEM Track,Accepted
APP000402,STU00402,2021-01-15,Spring 2025,Referral,International Baccalaureate,Accepted
APP000626,STU00626,2023-07-06,Fall 2023,Walk-in,General Track,Accepted
APP000879,STU00879,2022-04-01,Fall 2025,social media,International Baccalaureate,Accepted
APP000002,STU00002,2024-05-29,Spring 2024,Referral,General Track,Accepted
,STU00562,2023-05-27,Fall 2023,Referral,Sports Academy,Accepted
APP000001,STU00001,2020-04-15,Fall 2024,Website,Sports Academy,Accepted
APP000500,STU00500,43703,Spring 2025,Referral,International Baccalaureate,Accepted
APP000378,STU00378,17/11/2024,Fall 2023,School Fair,Sports Academy,Accepted
APP000504,STU00504,2021-07-24,Fall 2023,Walk-in,Sports Academy,Accepted
APP000747,STU00747,2019-07-31,Fall 2025,School Fair,Arts Track,Accepted
APP000695,STU00695,2/21/2024,Fall 2023,  Social Media,STEM Track,Accepted
APP000555,S0555,2024-07-24,Fall 2024,  Website,STEM Track,accepted
APP000097,STU00097,2020-08-14,Fall 2024,Website,Arts Track,Accepted
APP001084,,2020-08-22,Fall 2023,Website,International Baccalaureate,Accepted
APP000330,S0330,2022-09-14,Fall 2023,Social Media,Sports Academy,Accepted
APP001185,,2020-04-24,Spring 2024,Social Media,Arts Track,Pending
APP000323,STU00323,2025-02-11,Fall 2024,Referral,General Track,Accepted
APP000111,STU00111,11-May-2022,Fall 2024,Website  ,Arts Track,Accepted
APP000012,STU00012,2023-05-09,Fall 2024,Agent/Partner,STEM Track,Accepted
APP000802,STU00802,2019-07-09,Spring 2024,School Fair,General Track,Accepted
APP000642,STU00642,2021-11-22,Spring 2024,Website,international baccalaureate,accepted
APP000114,STU00114,2022-09-05,Fall 2023,Social Media,STEM Track,Accepted
APP000621,STU00621,2020-08-29,Spring 2024,Agent/Partner,General Track,
APP000376,STU00376,2021-10-31,Fall 2025,Agent/Partner,STEM Track,  Accepted
APP000700,STU00700,2019-09-24,Spring 2024,  School Fair,General Track,Accepted
APP000542,STU00542,31/7/2023,Fall 2023,Walk-in,General Track,Accepted
APP000225,STU00225,43861,Spring 2025,Referral,International Baccalaureate,Accepted
APP000553,STU00553,,Fall 2024,Agent/Partner,Arts Track,Accepted
APP000009,STU00009,2022-08-16,Spring 2024,,General Track,Accepted
APP000911,STU00911,2023-11-03,Fall 2024,Walk-in,International Baccalaureate,Accepted
APP001024,,2021-11-09,Spring 2024,Social Media,General Track,Rejected
APP001018,,2020-10-01,Fall 2024,Referral,Arts Track,Accepted
APP000798,STU00798,14-Jan-2023,Spring 2024,Social Media,International Baccalaureate,Accepted
APP000317,STU00317,45493,Spring 2025,Social Media,GENERAL TRACK,Accepted
APP000769,STU00769,15/6/2019,Fall 2025,Social Media,General Track,Accepted
APP001193,,2022-12-29,Fall 2025,Walk-in,General Track,Accepted
APP000045,STU00045,2020-11-11,,Walk-in,General Track,Accepted
APP000793,STU00793,2024-09-20,Spring 2025,Agent/Partner,Arts Track,Accepted
APP000863,STU00863,2023-08-16,Fall 2025,Walk-in  ,Arts Track,Accepted
APP000350,STU-00350,2020-02-04,Fall 2025,Agent/Partner,International Baccalaureate,Accepted
APP001031,,2019-06-10,Fall 2024,Website,General Track,Accepted
APP000778,STU-00778,2021-01-01,Fall 2025,Agent/Partner,STEM Track,Accepted
APP001275,,,Spring 2024,Referral,  International Baccalaureate,Accepted
APP000749,STU00749,2021-04-06,Fall 2023,Walk-in,Sports Academy,Accepted
APP000513,STU00513,2022-01-01,Spring 2024,Referral,General Track,Accepted
APP000650,STU00650,2021-03-26,Spring 2025,Referral,Arts Track,Accepted
APP001248,,2025-02-28,Fall 2024,Walk-in,Sports Academy,Rejected
APP000273,STU00273,"March 08, 2021",Fall 2024,School Fair,Sports Academy,Accepted
APP000755,STU00755,2023-02-27,Spring 2024,Walk-in,,Accepted
APP000702,STU00702,,Fall 2025,Agent/Partner,General Track,Accepted
APP001136,,2019-12-23,Fall 2024,Walk-in,STEM Track  ,Accepted
APP000118,STU00118,10/8/2023,Spring 2024,Website,Sports Academy,Accepted
APP001247,,2022-03-21,Spring 2025,Walk-in,STEM Track,Accepted
APP000015,STU00015,"November 06, 2022",Fall 2025,School Fair,Arts Track,Accepted
APP000054,STU00054,2022-07-01,Fall 2024,SOCIAL MEDIA,International Baccalaureate,Accepted
APP000589,STU00589,2023-10-19,Fall 2023,School Fair,STEM TRACK,Accepted
APP000345,STU00345,2021-08-03,Fall 2023,Social Media,Sports Academy,Accepted
APP000825,STU-00825,9/5/2023,Spring 2024,Social Media,International Baccalaureate,Accepted
APP000454,STU00454,2022-03-18,Fall 2025,Website,Sports Academy,Accepted
APP000777,STU00777,2022-12-02,Fall 2024,Agent/Partner,STEM Track,ACCEPTED
APP000095,STU00095,2024-07-19,Fall 2023,School Fair,Arts Track,Accepted
APP000050,STU00050,2022-01-02,Fall 2025,Referral,General Track,Accepted  
APP000927,STU00927,2022-10-07,Fall 2025,,  International Baccalaureate,Accepted
APP000730,STU00730,,Fall 2023,Referral,International Baccalaureate,Accepted
APP000918,STU00918,2024-06-20,Fall 2023,Social  Media,,Accepted
APP000291,STU00291,2025-02-26,Fall 2023,Walk-in,General Track,Accepted
APP000865,STU00865,2020-07-10,Fall 2025,Website,General Track,Accepted
APP000418,STU00418,2023-03-15,Fall 2024,Agent/Partner,General Track,Accepted
APP001241,,2019-12-11,Fall 2025,Walk-in,General Track,Rejected
APP001137,,2023-01-31,Fall 2024,School  Fair,Arts Track,Accepted
APP000788,STU00788,20/5/2025,Fall 2024,School Fair,Arts Track,accepted
APP000684,STU00684,2024-05-27,Spring 2025,Website,Arts Track,Accepted
APP000492,STU00492,2020-07-08,Fall 2025,Referral,Arts Track,Accepted
APP000559,STU00559,2019-08-28,Spring 2025,Walk-in,STEM Track,Accepted
APP000477,477,"November 29, 2022",Spring 2025,Walk-in,General Track,Accepted
APP000263,STU00263,2022-05-15,Spring 2025,,General Track,Accepted
APP000902,STU00902,2023-03-22,Fall 2024,Agent/Partner,General Track,Accepted
APP000098,STU00098,2019-09-15,Spring 2024,Walk-in,STEM Track,Accepted
APP000440,STU00440,2024-12-25,Fall 2024,Website,Sports Academy,Accepted
APP001147,,2/27/2024,Spring 2025,Walk-in,International Baccalaureate,Accepted
APP000506,STU00506,29/9/2021,Fall 2023,Referral,Arts Track,Accepted
APP001234,,2022-12-23,Fall 2024,,International Baccalaureate,Accepted
APP000391,STU00391,2021-09-30,Fall 2023,Agent/Partner,STEM  Track,Accepted
APP000072,STU00072,29/8/2019,Fall 2024,Walk-in,Sports Academy,Accepted
APP000430,STU00430,2019-08-22,Fall 2023,Social Media,STEM Track,Accepted
APP000387,S0387,2020-04-04,Spring 2025,Agent/Partner,Sports Academy,Accepted
APP000824,STU00824,2024-01-12,Spring 2024,Agent/Partner,International Baccalaureate,Accepted
APP000224,STU00224,14-Feb-2021,Fall 2025,Website,STEM Track,Accepted
APP001242,,2022-10-30,Fall 2025,School Fair,General Track,accepted
APP001073,,2019-05-08,Fall 2025,Website,,Accepted
APP000341,STU00341,2024-10-05,Spring 2024,Referral,International Baccalaureate,Accepted
APP000147,STU00147,2019-07-08,Spring 2024,School Fair,STEM Track,Accepted
APP000243,STU00243,2020-03-07,Fall 2023,Walk-in,International Baccalaureate,Accepted
APP000342,STU00342,2024-11-02,Fall 2023,Walk-in,STEM Track,Accepted
,STU00780,2024-07-12,Spring 2025,Website,STEM Track,Accepted
APP000372,STU00372,2023-08-04,Spring 2024,Website,General Track,Accepted
APP001106,,,Fall 2025,Social Media,General Track  ,REJECTED
APP000707,S0707,45367,Spring 2025,Walk-in,Arts Track,Accepted
,STU00947,2022-06-13,Fall 2024,Referral,Arts Track  ,Accepted
APP001283,,2020-06-13,Spring 2024,Social Media,International Baccalaureate,Accepted
APP000067,STU00067,2020-11-04,Fall 2025,Agent/Partner,General Track,Accepted
APP000094,STU00094,2022-06-22,Spring 2025,Social Media,STEM Track,Accepted
,STU00960,44986,Spring 2024,,Arts Track,Accepted
APP001081,,44523,Spring 2025,Walk-in,Sports Academy,Waitlisted
APP000734,STU00734,2019-12-25,Fall 2024,Website,STEM Track,Accepted  
APP001112,,2025-03-11,,AGENT/PARTNER,General Track,Accepted
APP001286,,2021-09-06,Spring 2025,SOCIAL MEDIA,General Track,Pending
APP000215,STU00215,27-Apr-2025,Fall 2023,School Fair,Sports Academy,Accepted
APP000774,STU00774,2023-09-27,Fall 2025,Agent/Partner,General Track,Accepted
APP000495,STU00495,2025-05-15,,Social Media,International Baccalaureate,Accepted
APP000875,STU00875,2020-07-02,Spring 2024,Website,General Track,
APP000699,STU00699,3/17/2019,Fall 2025,Referral,Sports Academy,Accepted
APP000979,STU00979,,Spring 2024,Website,General Track,Accepted
APP000498,STU00498,2020-03-13,Fall 2025,School Fair,,Accepted
APP001085,,2024-02-13,Fall 2023,Referral,Sports Academy,Accepted
APP000987,STU00987,2023-10-08,Spring 2025,School Fair,International Baccalaureate,Accepted
APP000182,STU00182,10/1/2024,Fall 2024,Website,International Baccalaureate,Accepted
APP000219,STU00219,2021-09-10,Spring 2024,,INTERNATIONAL BACCALAUREATE,Accepted
APP000034,STU00034,2024-11-29,Spring 2024,Agent/Partner,General Track,Accepted
APP000233,STU00233,2020-03-03,Fall 2023,Agent/Partner,Arts Track,Accepted
APP000596,STU00596,,Fall 2025,website,Sports Academy,Accepted
APP001180,,9/28/2024,Fall 2025,Agent/Partner,General Track,Rejected
APP000398,STU00398,44345,Fall 2023,Agent/Partner,STEM Track  ,Accepted
APP000470,STU00470,2024-12-23,Spring 2024,School Fair,International Baccalaureate,Accepted
APP000284,STU00284,"February 23, 2022",Fall 2024,School Fair,STEM Track,Accepted
APP000575,STU00575,2019-09-25,Fall 2025,Referral,Arts Track,Accepted
APP000805,STU00805,2021-05-11,Spring 2024,Social Media,  Arts Track,Accepted
APP000943,STU00943,2024-04-03,Fall 2025,Social Media,Sports Academy,Accepted
APP000446,STU00446,,Fall 2025,Referral,Sports Academy,Accepted
APP000815,STU00815,4/12/2023,Fall 2024,Agent/Partner,International Baccalaureate,Accepted
APP000748,STU00748,"May 03, 2019",Fall 2025,School Fair,General Track,Accepted
APP001069,,2022-07-12,Spring 2025,REFERRAL,General Track,Accepted
APP000678,STU00678,45365,Spring 2025,Walk-in,STEM  Track,Accepted
APP001039,,2024-12-29,Spring 2024,Social Media,Arts Track,Rejected
APP000976,S0976,2019-12-12,Fall 2023,Social Media,General Track,Accepted
APP000525,STU00525,2024-03-01,Spring 2024,Agent/Partner,International Baccalaureate,Accepted
APP000084,STU-00084,2023-03-08,Fall 2023,  Website,  International Baccalaureate,Accepted
APP001197,,2021-12-01,Spring 2025,  Social Media,International Baccalaureate,WAITLISTED
APP000631,STU00631,2022-04-14,Spring 2024,School Fair,General Track,Accepted
APP000227,STU00227,2023-05-25,Fall 2025,Social Media,General Track,Accepted
APP000364,STU00364,2024-11-08,Fall 2023,Agent/Partner,International Baccalaureate,Accepted
APP000379,STU00379,2021-06-29,Fall 2024,Social Media,General Track,Accepted
APP000218,STU00218,2023-06-17,Fall 2025,Agent/Partner,,Accepted
APP000528,STU00528,2021-09-16,Fall 2025,Social Media,General  Track,Accepted
APP000882,882,2021-04-02,Fall 2024,Walk-in,Sports Academy,Accepted
APP001179,,2019-08-02,Spring 2025,Agent/Partner,Arts Track,Accepted
APP001232,,13/9/2023,Spring 2025,Referral,Sports Academy,Accepted
APP000389,STU389,2023-06-17,Spring 2024,Social Media,Arts Track,
APP000148,STU00148,2020-11-02,Fall 2023,Walk-in,General Track,Accepted
APP000212,STU00212,12/11/2022,Spring 2024,School Fair,,
APP000617,STU00617,2024-09-22,Fall 2023,Social Media,,Accepted
APP000686,STU00686,"July 29, 2019",Spring 2025,  Walk-in,International Baccalaureate,Accepted
APP000369,STU00369,2024-06-23,Spring 2024,Referral,General Track,Accepted
APP000113,STU00113,11-Dec-2022,Spring 2024,Referral,international baccalaureate,Accepted
APP000698,STU00698,2024-01-27,Spring 2025,,STEM Track,Accepted
APP000946,stu00946,2022-02-04,Fall 2023,Social Media,International Baccalaureate,Accepted
APP000188,STU00188,2023-08-02,Fall 2023,Social Media,Arts Track,Accepted
APP000610,stu00610,2025-01-28,Fall 2024,Agent/Partner,Sports Academy,Accepted
APP000964,STU00964,2020-04-20,Spring 2024,School Fair,General Track,Accepted
APP000723,STU00723,2020-09-21,Fall 2025,School Fair,Arts Track,Accepted  
APP000222,STU00222,2019-07-16,Fall 2025,Social Media,General Track,Accepted
APP000519,STU00519,2024-08-13,Spring 2025,Agent/Partner,Sports Academy,Accepted
APP001043,,4/8/2024,Spring 2024,,Arts Track,Accepted
APP000557,STU00557,2019-12-22,Fall 2025,Referral,Arts Track,Accepted
APP000194,STU00194,12-Oct-2024,Fall 2025,School Fair,Sports Academy,Accepted
APP001026,,3/5/2022,Fall 2023,Agent/Partner,Sports Academy,Accepted
APP000862,STU00862,2023-03-03,Spring 2025,School Fair,General Track,Accepted
APP000051,STU51,2021-08-31,Spring 2024,Website,International Baccalaureate,Accepted
APP000936,STU00936,2020-12-08,Fall 2024,Website,Arts Track,Accepted
APP000644,STU00644,2022-02-06,Fall 2023,Referral,International Baccalaureate,Accepted
APP000687,STU00687,2022-12-09,Fall 2024,Social Media,International Baccalaureate,Accepted
,STU00497,2020-09-30,Spring 2024,Referral,Arts Track,Accepted
APP000230,STU230,2023-10-19,Fall 2023,Agent/Partner,STEM Track,Accepted
APP000576,STU00576,2020-04-28,Fall 2025,Agent/Partner,International Baccalaureate,Accepted
,STU00845,2019-05-28,Spring 2024,Social Media,Arts Track,Accepted
APP000657,stu00657,19/3/2019,Fall 2025,Referral,Arts Track,Accepted
APP000709,STU00709,14/3/2020,Spring 2025,Referral,International Baccalaureate,Accepted
APP000375,stu00375,27-Feb-2021,Fall 2024,Walk-in,STEM Track,Accepted
APP000932,S0932,2023-11-11,Spring 2024,Agent/Partner,Arts Track,Accepted
APP000789,STU00789,06-May-2025,Fall 2023,Social Media,Sports Academy,Accepted
APP000900,STU900,2021-02-14,Fall 2023,Referral,General Track,Accepted
APP000335,335,2023-01-20,Spring 2024,Agent/Partner,Sports Academy,Accepted
APP000563,S0563,2020-12-24,Spring 2024,Agent/Partner,General Track,Accepted
APP000608,STU00608,2025-03-21,Spring 2025,Social Media,Sports Academy,Accepted
APP000358,STU00358,2020-02-18,Spring 2025,Referral  ,General Track,  Accepted
APP000883,STU00883,2022-08-15,Fall 2024,Agent/Partner,Sports Academy,Accepted
APP000427,427,2019-12-02,Spring 2025,Agent/Partner,General Track,Accepted
APP000297,STU00297,16-Apr-2019,Fall 2025,REFERRAL,General Track,Accepted
APP000181,STU00181,2022-07-01,Fall 2024,Referral,Sports Academy,Accepted
APP000099,STU00099,2022-03-27,Spring 2025,Walk-in,STEM Track,Accepted
APP000735,STU00735,2022-11-03,Spring 2025,School Fair,Sports Academy,  Accepted
APP001157,,10-Apr-2025,Fall 2023,Agent/Partner,Sports Academy,Rejected
APP000851,STU00851,2020-08-24,Fall 2025,  School Fair,,Accepted
APP000296,STU00296,2020-08-24,Spring 2024,Website,Sports Academy,Accepted  
APP000551,STU00551,2019-06-26,Spring 2024,School Fair,General Track,Accepted
APP001200,,28/12/2021,Fall 2025,Social Media,Arts Track,Accepted
APP001114,,2025-01-06,,Social Media,STEM Track,Accepted
APP000359,STU00359,2024-08-01,Spring 2024,School Fair,International Baccalaureate,Accepted
APP000572,STU00572,11/24/2019,Spring 2024,  Website,Sports Academy,  Accepted
APP001150,,2023-02-04,Spring 2025,Agent/Partner,STEM Track,Waitlisted
APP001176,,2024-12-12,Fall 2024,Agent/Partner,Sports Academy,Accepted
APP000622,STU00622,1/28/2021,,Referral,Arts Track,Accepted
APP000282,STU00282,2023-04-30,Fall 2023,SCHOOL FAIR,STEM Track,Accepted
APP001263,,2019-06-27,Fall 2024,Social Media,General Track,Accepted
APP000179,STU00179,2020-09-22,Spring 2025,Walk-in,International Baccalaureate,Accepted
APP000527,STU00527,2024-09-10,Spring 2025,Referral,Sports Academy,Accepted
APP000620,S0620,2019-04-03,Spring 2025,Walk-in,,Accepted
APP000713,STU00713,2024-05-16,Fall 2025,Social Media,Arts Track,Accepted
APP000473,STU00473,2022-11-30,Fall 2025,agent/partner,International Baccalaureate,Accepted
APP000241,STU00241,2019-03-29,Fall 2023,Agent/Partner,STEM Track,
APP000912,STU00912,2021-08-07,Spring 2024,Walk-in,General Track,Accepted
APP000117,STU-00117,2024-09-21,Fall 2023,Social Media,International Baccalaureate,Accepted
APP001039,,"December 29, 2024",Spring 2024,  Social Media,Arts Track,Rejected
APP001115,,12/4/2021,Spring 2025,School Fair,Sports Academy,Accepted
APP001122,,2019-11-18,Spring 2025,Social Media,Arts Track,Accepted
APP000201,STU00201,20-Jan-2023,Spring 2024,Referral,STEM Track,Accepted
APP000727,STU00727,2023-10-27,Fall 2023,Website,STEM Track,Accepted
APP000220,STU00220,2024-10-24,Fall 2023,Agent/Partner,International Baccalaureate,Accepted
APP000109,STU00109,2025-05-11,Spring 2025,Agent/Partner,Sports Academy,Accepted
APP000428,STU00428,2020-05-21,Fall 2023,Website,Sports Academy,Accepted
APP000566,stu00566,2021-05-24,Spring 2025,Website,STEM Track,Accepted
APP001196,,2024-04-23,Fall 2024,Walk-in,Arts Track,Accepted
APP000471,STU00471,2021-05-24,Fall 2023,Social Media,General Track,Accepted
APP001030,,2020-08-10,Spring 2025,Walk-in,Arts Track,Rejected
,stu00476,2020-03-26,Fall 2023,,International Baccalaureate,Accepted
APP000321,STU00321,2020-05-03,Fall 2025,Walk-in,International Baccalaureate,Accepted
APP000066,STU00066,2020-05-20,Spring 2024,Referral,international baccalaureate,Accepted
APP001267,,2025-01-08,Spring 2024,Social Media,International Baccalaureate,Accepted
APP000390,STU00390,,Fall 2024,Referral  ,STEM Track,Accepted
APP000075,STU00075,5/8/2023,Spring 2024,Social Media,Arts Track,Accepted
APP000257,STU00257,2023-10-23,Fall 2025,School Fair,International Baccalaureate,Accepted
APP000783,STU00783,2020-06-21,Fall 2023,Website  ,General Track,Accepted
APP000755,STU00755,2023-02-27,Spring 2024,Walk-in,,Accepted
APP000026,STU00026,2023-10-10,Spring 2025,Agent/Partner,Sports Academy,Accepted
APP000164,STU00164,2024-10-24,Spring 2025,Walk-in,Sports Academy,Accepted
APP000909,STU00909,2021-10-31,,School Fair,Arts Track,Accepted
APP000344,STU00344,"March 03, 2022",Spring 2024,School Fair,International Baccalaureate,Accepted
APP000451,STU00451,15-May-2022,Fall 2023,Walk-in,Arts Track,Accepted
APP000792,stu00792,2024-04-04,Fall 2023,Website,General Track,Accepted
APP000432,STU00432,2021-01-20,Fall 2024,Social Media,International Baccalaureate,Accepted
APP000998,STU00998,2021-06-30,Fall 2024,School Fair,General Track,Accepted
APP001010,,2023-05-27,Fall 2025,Referral,STEM Track,Pending
APP001181,,2022-03-14,Spring 2025,School Fair,,Accepted
APP000468,STU00468,2024-03-08,Fall 2024,Referral,STEM Track,Accepted
APP001095,,2019-06-15,Spring 2025,Website,General Track,Accepted
APP000963,STU00963,2020-06-04,Spring 2024,Agent/Partner,STEM TRACK,Accepted
APP001102,,2019-07-27,Spring 2025,,Sports Academy,Accepted
APP000579,STU00579,2022-08-25,Spring 2025,,Arts Track,Accepted
APP000743,STU00743,2021-10-27,Spring 2024,Social Media,Sports Academy,Accepted
APP001133,,2024-09-04,Spring 2025,Referral,STEM Track,Rejected
APP000958,STU00958,2021-03-27,Fall 2025,Referral,STEM Track,Accepted
APP000681,STU00681,,Fall 2023,Walk-in,Arts Track,Accepted
APP000104,STU00104,,Spring 2024,Agent/Partner,General Track,Accepted
APP000585,STU00585,2023-01-11,Fall 2023,Social Media,Sports Academy,Accepted
APP000848,STU00848,2023-01-16,Spring 2024,Referral,Arts Track,Accepted
APP000059,STU00059,2024-02-03,Fall 2023,Website,International Baccalaureate,Accepted
APP000746,STU-00746,2022-11-15,Fall 2023,Walk-in,Sports Academy,Accepted
APP000065,STU00065,44647,Fall 2024,Referral,Sports Academy,Accepted
APP000090,STU00090,2024-12-12,Spring 2024,Social Media,ARTS TRACK,Accepted
APP001047,,,Fall 2024,Referral,Arts Track,Accepted
APP000487,STU00487,2022-07-17,Fall 2023,Social Media,Arts Track,Accepted
APP001109,,2019-09-23,Spring 2024,School Fair,STEM Track,Accepted
APP001202,,2025-03-19,Fall 2024,School Fair,General Track,Rejected
APP000449,STU00449,44158,Fall 2023,Website  ,,Accepted
APP000192,STU00192,44204,Fall 2025,Website,Sports Academy,Accepted
APP000334,STU00334,2024-06-20,,Referral,International Baccalaureate,Accepted
APP000448,STU00448,2021-01-03,Fall 2023,Referral,STEM Track,Accepted
APP001221,,2023-06-05,Spring 2025,Walk-in,STEM Track,accepted
APP000351,STU00351,2020-06-09,Fall 2025,Social Media,Arts Track,Accepted
APP000336,336,"August 06, 2022",Spring 2025,,General Track,Accepted
APP000244,STU244,,Fall 2023,Social Media,Arts Track,Accepted
APP001295,,20/6/2019,Fall 2024,School Fair,General Track,Accepted
APP000890,stu00890,2019-10-05,Fall 2023,Walk-in,General Track,Accepted
APP000599,STU00599,2020-05-14,Spring 2024,Agent/Partner,Arts Track,Accepted
APP000452,STU00452,2024-04-29,Fall 2024,Referral,International Baccalaureate,Accepted
APP001091,,2019-03-28,Fall 2025,Walk-in,STEM Track,Accepted
APP000511,STU00511,2020-12-18,,Website,General Track,ACCEPTED
APP001141,,2023-10-02,Fall 2023,Social Media,Arts Track,Accepted
APP000333,STU00333,24-Oct-2021,Spring 2024,Walk-in,STEM Track,Accepted
APP000948,STU00948,2023-07-29,Fall 2025,REFERRAL,International Baccalaureate,Accepted
APP000197,STU00197,2019-11-26,Fall 2023,Walk-in,,Accepted
APP001290,,2019-07-25,,Website,International Baccalaureate,Accepted
APP000827,STU00827,43995,Spring 2024,Social Media,General Track,Accepted
APP000945,S0945,2021-04-22,Spring 2025,Referral,Arts Track,Accepted
APP000176,STU00176,2024-11-26,Spring 2024,Walk-in,General Track,Accepted
APP000153,STU00153,2025-03-12,Spring 2025,Website,Sports Academy,Accepted
APP001046,,2021-10-24,Spring 2024,School Fair,STEM Track,Rejected
APP000246,STU00246,2024-12-17,Fall 2024,Website,International Baccalaureate,Accepted
APP000494,STU00494,2019-11-15,Fall 2023,Agent/Partner,International Baccalaureate,Accepted
APP000280,STU00280,2021-10-12,Fall 2023,Agent/Partner,Arts Track,Accepted
APP001265,,2024-08-20,Fall 2025,Social  Media,Sports Academy,Accepted
APP000453,STU00453,2024-04-11,Fall 2024,School Fair,International Baccalaureate,Accepted
APP000781,STU00781,2021-08-17,Spring 2024,Website,STEM Track,Accepted
APP000556,STU00556,2024-10-02,Fall 2025,Agent/Partner,General Track,Accepted
APP000926,STU00926,2025-05-29,Fall 2025,Social Media,International Baccalaureate,Accepted
APP001012,,2023-04-16,Spring 2024,Social Media,Arts Track,Accepted
APP000157,STU00157,2022-06-27,Spring 2024,Walk-in,STEM Track,Accepted
APP000549,STU00549,2024-02-08,Spring 2025,Social Media  ,,Accepted
APP001036,,2020-02-29,Fall 2024,Social Media,STEM Track,Accepted
APP001262,,2019-04-07,Fall 2023,Website,General Track,Accepted
APP000371,STU00371,2021-03-06,Spring 2025,Website,Arts Track,Accepted
APP000373,STU00373,,Fall 2025,Agent/Partner,Arts Track,Accepted
APP001254,,2022-04-29,Spring 2024,Walk-in,STEM Track,Rejected
,STU00552,2020-07-20,Spring 2025,Website  ,International Baccalaureate,Accepted
APP000199,STU00199,2021-04-08,Fall 2024,Agent/Partner  ,Sports Academy,Accepted
APP001121,,12/6/2020,Spring 2024,website,Sports Academy,Waitlisted
APP000957,STU00957,2023-02-08,Spring 2024,Referral  ,General Track,Accepted
APP000130,STU00130,2020-12-11,Fall 2023,Website,STEM Track,Accepted
APP000053,STU00053,2019-09-05,Spring 2025,School Fair,Sports Academy,Accepted
APP000277,STU00277,2019-11-01,Fall 2023,Agent/Partner,Arts Track,Accepted
APP000337,STU00337,45038,Spring 2025,Website,  International Baccalaureate,accepted
APP001099,,2024-11-12,Fall 2024,Website,General Track,Waitlisted
APP001138,,2019-07-15,Spring 2025,Website,STEM Track,Pending
APP000683,STU00683,2019-08-26,Fall 2025,School Fair,International Baccalaureate,Accepted
APP000133,STU00133,2023-01-20,Fall 2025,Walk-in,International Baccalaureate,Accepted
APP000041,STU00041,2025-01-27,Spring 2024,Website,,Accepted
APP000776,STU00776,2024-12-19,Spring 2025,Agent/Partner,STEM Track,Accepted
APP001198,,2019-10-01,Fall 2025,Referral,Sports Academy,Waitlisted
APP000797,STU00797,2021-03-18,Spring 2024,Referral,General Track,Accepted
APP000395,STU00395,44036,Spring 2025,Walk-in,STEM Track,Accepted
APP001142,,"October 25, 2021",Fall 2025,Agent/Partner,International Baccalaureate,Pending
,,,Fall 2024,walk-in,General Track,Waitlisted
APP000615,STU00615,2023-06-18,Fall 2023,Social Media,Sports Academy,Accepted
APP000726,STU00726,2024-01-18,Fall 2024,referral,General Track,Accepted
APP001017,,,Fall 2023,Agent/Partner,General Track,Rejected
APP001278,,2019-05-13,Spring 2024,Agent/Partner,Arts Track,Rejected
APP000288,STU00288,04-Aug-2022,Fall 2024,Social Media,STEM Track,Accepted
APP001044,,7/13/2022,Fall 2023,Agent/Partner,STEM Track,Waitlisted
APP000952,STU00952,2021-10-09,Spring 2024,School Fair,Arts Track,Accepted
APP000080,STU00080,6/5/2024,Fall 2023,Referral,,Accepted
APP001161,,2021-07-02,Fall 2023,Agent/Partner,STEM Track,Accepted
APP000693,STU00693,45153,Spring 2025,,General Track,Accepted
APP000353,STU00353,45186,Fall 2024,,General Track,Accepted
APP000541,541,2022-12-30,Fall 2025,Agent/Partner,STEM Track,Accepted
APP000913,STU00913,2023-07-22,Spring 2025,Walk-in,Sports Academy,Accepted
APP000607,STU00607,2022-05-24,Fall 2024,School Fair,General Track,Accepted
APP000812,STU00812,2023-04-11,Fall 2023,Walk-in,General Track,Accepted
APP000889,STU-00889,2022-03-30,Spring 2025,Referral,  International Baccalaureate,Accepted
APP000178,STU00178,2020-01-07,Spring 2024,Website,General Track,ACCEPTED
APP000224,STU00224,14-Feb-2021,Fall 2025,Website,STEM Track,Accepted
APP000412,STU00412,,Spring 2025,Walk-in,STEM Track,Accepted
APP000324,stu00324,2024-08-13,Spring 2025,Agent/Partner,Arts Track,Accepted
APP000285,STU00285,2023-09-13,Fall 2024,Agent/Partner,  General Track,Accepted
APP001090,,2025-03-01,,Website,STEM Track,Waitlisted
APP001287,,11/4/2019,Fall 2025,Walk-in,General Track,Accepted  
,STU00043,2023-01-28,Spring 2024,Social Media,Arts Track,
APP000089,STU00089,2022-04-27,Fall 2025,Walk-in,Sports  Academy,Accepted
APP000970,970,2025-01-20,Spring 2025,Website,General Track,Accepted
APP000899,STU00899,2021-10-21,Fall 2024,Walk-in,Arts Track,Accepted
APP000997,STU00997,10/15/2023,Spring 2024,Website,Arts Track,Accepted
APP000436,436,2023-06-01,Fall 2025,School Fair,General Track,Accepted
APP000435,STU00435,2020-05-23,Fall 2024,Walk-in,General Track,Accepted
APP001028,,2020-05-20,Spring 2024,Social Media,International Baccalaureate,Accepted
APP000510,STU00510,2024-08-26,Fall 2023,School Fair,Sports Academy,Accepted
APP000901,STU00901,2019-05-20,Fall 2025,Agent/Partner,International Baccalaureate,Accepted
APP001065,,2023-05-22,Fall 2023,Social Media,,Accepted
APP000612,STU00612,2022-01-31,Spring 2024,Website,STEM Track,ACCEPTED
APP001121,,2020-06-12,Spring 2024,Website,Sports Academy,Waitlisted
APP000327,STU00327,21/3/2025,Spring 2024,Walk-in,General Track,Accepted
APP000278,STU00278,2019-08-01,Fall 2025,Walk-in,Arts Track,Accepted
APP000956,STU00956,2025-04-12,Fall 2025,Social Media,STEM Track,Accepted
APP001072,,2022-02-07,Spring 2024,Social Media,General Track,Accepted
APP000941,STU00941,2024-09-16,Fall 2025,Agent/Partner,Sports Academy,Accepted
APP000978,STU00978,2022-01-01,Fall 2025,Agent/Partner,STEM Track,Accepted
APP000965,S0965,05-Nov-2022,Spring 2025,Agent/Partner,STEM Track,Accepted
APP000360,STU00360,17/9/2022,Fall 2023,Website,International Baccalaureate,Accepted
APP000289,STU00289,,Fall 2024,Website,Sports Academy,Accepted
APP000145,S0145,2025-03-08,Fall 2023,  Walk-in,International Baccalaureate,Accepted
,,2020-08-09,Fall 2025,Website,,Accepted
APP000463,STU00463,2024-03-04,Fall 2025,Walk-in,Sports Academy,Accepted
APP000953,STU00953,2022-05-18,,Website,Arts Track,Accepted
APP000149,STU00149,4/25/2021,Spring 2024,Social Media,International Baccalaureate  ,Accepted
APP000077,STU00077,2024-07-14,Spring 2025,Agent/Partner,STEM Track,Accepted
APP000737,STU00737,2020-06-12,Spring 2025,Website,General Track,Accepted
APP000316,STU00316,2021-02-10,Spring 2025,Agent/Partner,International Baccalaureate,  Accepted
APP000006,STU00006,2021-01-23,Fall 2023,Agent/Partner,ARTS TRACK,Accepted
APP001083,,2025-05-06,Fall 2023,School Fair,STEM Track,Accepted
APP000502,STU00502,2023-02-13,Fall 2025,School Fair,STEM Track,Accepted
APP001107,,2024-01-07,Spring 2025,,STEM Track,Rejected
APP000407,STU00407,2024-09-18,Fall 2025,Social Media,General Track,Accepted
APP000139,STU00139,2023-12-23,Fall 2024,Website,Arts Track,Accepted
APP000438,STU00438,2021-07-20,Fall 2025,Walk-in,International Baccalaureate,Accepted
APP000861,STU00861,14/2/2024,Fall 2023,Social Media,General Track,Accepted
APP001048,,2019-10-08,Fall 2024,Website,Sports Academy,Accepted
,STU00124,02-Jan-2022,Fall 2025,Agent/Partner,Sports Academy,Accepted
APP000973,STU00973,18/11/2019,Spring 2024,Referral,General Track,Accepted
APP000895,STU00895,,Fall 2025,Website,General Track,Accepted
APP000236,STU00236,2024-04-08,Fall 2023,Walk-in,General Track,Accepted
APP000013,STU-00013,2025-02-08,Fall 2023,Referral,,Accepted
APP000937,STU00937,2019-10-07,Spring 2025,Agent/Partner,General Track,Accepted
APP000165,STU00165,2023-01-19,Fall 2023,Social Media,Sports Academy,Accepted
APP000127,STU00127,2020-10-27,Spring 2024,Social Media,Arts Track,Accepted
APP000151,151,2020-01-11,Fall 2025,Agent/Partner,,Accepted
APP000518,STU00518,45378,Spring 2025,,STEM Track,ACCEPTED
APP001203,,2022-03-20,Fall 2023,Social Media,International Baccalaureate,Accepted
APP001008,,2021-09-20,Spring 2025,School Fair,Arts Track,Accepted
APP000462,STU00462,2021-09-10,Fall 2023,Agent/Partner,Sports Academy,Accepted
,STU00560,"April 19, 2019",Fall 2024,Referral,General Track,
APP001208,,2019-03-25,Spring 2025,School  Fair,STEM Track,Pending
,,2022-08-28,Fall 2023,Agent/Partner,General Track,Waitlisted
APP000540,STU00540,2023-08-06,Fall 2025,Agent/Partner,STEM Track,Accepted
APP000442,STU00442,45368,Fall 2024,Social Media,Sports Academy,Accepted
APP000587,STU00587,31-Oct-2022,Spring 2025,Agent/Partner,Sports Academy,Accepted
APP000052,STU00052,2024-01-24,Fall 2024,Agent/Partner,STEM Track,Accepted
APP000444,STU00444,10/11/2024,Spring 2025,Website,Sports Academy,  Accepted
APP000189,STU00189,43936,Fall 2023,Social Media,STEM Track,Accepted
APP001186,,2020-12-09,Fall 2023,Walk-in,International Baccalaureate,Rejected
APP000408,STU00408,2022-04-14,Spring 2025,Agent/Partner,STEM Track,Accepted
APP001082,,"March 04, 2020",Fall 2023,Social Media,Sports Academy,Pending
APP000782,STU00782,2023-12-27,Spring 2025,,International Baccalaureate,Accepted
APP000828,STU00828,44739,Fall 2024,Walk-in,  General Track,Accepted
APP001220,,"December 19, 2020",Fall 2024,Referral,International Baccalaureate,Rejected
,806,2020-12-15,Fall 2023,Website,International Baccalaureate,Accepted
APP001163,,2022-09-03,Spring 2025,Agent/Partner,STEM Track,Waitlisted
APP000915,STU00915,2021-05-07,Fall 2024,Website,STEM Track,Accepted
APP000356,STU00356,2020-09-08,Spring 2024,Agent/Partner,General Track,ACCEPTED
APP000136,STU00136,"October 04, 2022",Spring 2024,Referral  ,Arts Track,Accepted
APP000128,STU-00128,2023-07-25,Spring 2025,Social Media,Arts Track,Accepted
APP000988,STU00988,2021-04-03,Fall 2025,Social Media,Sports Academy,Accepted
APP000422,STU00422,2021-12-11,Fall 2024,Referral,Arts Track,Accepted
APP000232,STU00232,2022-01-17,Fall 2024,Referral,,Accepted
APP000931,STU00931,2023-02-23,Fall 2024,Agent/Partner,Sports Academy,Accepted
APP000295,STU00295,12/5/2020,Fall 2023,Walk-in,STEM Track,Accepted
APP000403,STU00403,44628,Fall 2024,Agent/Partner,International Baccalaureate,Accepted
APP000423,STU00423,,Fall 2024,Social Media,Arts Track,Accepted
APP000286,STU00286,2024-11-02,Fall 2025,School Fair,STEM Track,Accepted
APP000578,STU00578,2021-08-18,Spring 2025,Agent/Partner,Arts Track,Accepted
APP000437,STU00437,2022-06-25,Fall 2024,Agent/Partner,International Baccalaureate,Accepted
APP001164,,"September 15, 2020",Fall 2023,,General Track,Rejected
APP000571,STU00571,13-Sep-2023,Fall 2024,website,Arts Track,Accepted
APP000545,STU00545,"July 08, 2024",Fall 2024,Referral,General Track,  Accepted
APP000580,STU00580,2019-06-17,Spring 2025,School Fair,Sports Academy,Accepted
APP000896,STU00896,2025-02-13,Fall 2024,Website,General Track,Accepted
APP000465,STU00465,2020-10-12,Spring 2024,  Website,International Baccalaureate,Accepted
APP000762,STU00762,2019-06-06,Fall 2023,Referral,stem track,Accepted
APP000590,STU00590,2024-07-12,Fall 2023,Website,International Baccalaureate,Accepted  
APP000380,STU00380,2025-05-04,Spring 2025,School Fair,Arts Track,Accepted
APP000152,S0152,43727,Spring 2025,Agent/Partner,Arts Track,Accepted
APP001145,,2025-04-01,Fall 2025,Walk-in,STEM Track  ,Rejected
APP000584,STU00584,2020-01-23,Fall 2024,Walk-in,Sports Academy,Accepted
APP001178,,2019-07-03,Fall 2023,Walk-in,General Track,
APP000925,STU925,2020-07-29,Fall 2023,School Fair,International Baccalaureate,Accepted
APP000906,STU00906,2019-07-05,Fall 2025,,General Track,
APP000878,878,2023-06-08,Fall 2024,Walk-in,Sports Academy,Accepted
APP000156,STU00156,2020-03-14,Fall 2025,Referral,General Track,Accepted
,STU00036,2021-09-23,Fall 2025,Walk-in,Sports Academy,Accepted
APP000401,STU00401,13/12/2020,,Walk-in,Arts Track,Accepted
APP001019,,2021-03-29,Spring 2024,Website,International Baccalaureate,
APP000171,STU00171,"October 10, 2022",Fall 2024,Website,  International Baccalaureate,Accepted
APP000061,STU00061,2020-07-08,Fall 2024,walk-in,General Track,Accepted
APP000479,STU00479,2024-08-23,Fall 2024,Social Media,Arts Track,Accepted
APP001174,,2022-08-08,Fall 2023,School Fair,International Baccalaureate,Pending
APP000260,STU00260,2020-06-02,Fall 2023,Walk-in,,Accepted
APP000266,STU00266,2021-01-01,Fall 2023,School Fair,General Track,Accepted
APP000985,985,2023-05-26,Fall 2024,Walk-in,GENERAL TRACK,Accepted
APP000832,STU00832,2021-01-13,Fall 2025,  Referral,General Track,Accepted
APP000253,STU00253,2020-12-25,Fall 2025,School Fair,ARTS TRACK,Accepted
APP001045,,2023-02-15,Fall 2023,Walk-in,STEM Track,Rejected
APP000499,STU00499,2022-04-09,Spring 2024,,STEM Track,Accepted
APP000567,STU00567,2024-12-22,Fall 2024,REFERRAL,STEM Track,Accepted
APP000779,STU00779,2021-04-26,Fall 2025,Social Media,Sports Academy,Accepted
APP000039,STU00039,2020-09-28,Fall 2025,Agent/Partner,Arts Track,accepted
APP000784,STU784,2021-10-05,Fall 2025,SOCIAL MEDIA,Arts Track,Accepted
APP000281,STU00281,2023-08-31,Fall 2024,Social Media,International Baccalaureate,Accepted
APP000655,STU00655,13-Jun-2024,Fall 2023,Walk-in  ,Sports Academy,Accepted  
APP000628,STU00628,2024-06-09,Spring 2024,Walk-in,STEM Track,Accepted
,STU00766,2019-09-03,Fall 2024,  Referral,  Sports Academy,Accepted
APP000405,STU00405,44477,Fall 2023,Referral,stem track,Accepted
APP000595,STU595,2020-02-07,Fall 2024,Walk-in,General Track,Accepted
APP000689,STU00689,2023-04-04,Fall 2023,Walk-in,General Track  ,Accepted
APP000193,STU00193,2020-04-08,Fall 2024,Social Media,STEM Track,Accepted
APP000290,STU00290,2023-09-15,Fall 2025,Walk-in,STEM Track,accepted
APP000980,STU00980,2020-10-12,Fall 2024,Website,STEM Track,Accepted
APP000409,STU00409,10-Jun-2023,Fall 2024,Walk-in,STEM Track,Accepted
APP000855,STU00855,2020-12-04,Fall 2024,Referral,International Baccalaureate,Accepted
APP001123,,2019-04-07,Spring 2025,Agent/Partner,international baccalaureate,Accepted
APP000211,STU00211,2020-06-05,Fall 2023,Website,Arts Track,Accepted
APP001057,,2020-02-07,Spring 2025,,Sports Academy,Rejected
APP000853,STU00853,2023-08-07,Spring 2024,Walk-in,ARTS TRACK,Accepted
APP000210,STU00210,2021-05-24,Spring 2025,Website,General Track,Accepted
APP000627,STU00627,2019-09-10,,Referral,Arts Track,Accepted
APP000020,stu00020,"March 10, 2022",Spring 2024,Agent/Partner,General Track,Accepted
APP000904,STU00904,2023-04-21,Spring 2024,Social Media,General Track,Accepted
APP001006,,2020-01-29,Fall 2023,School Fair,Arts Track,Accepted
APP001128,,2025-02-16,Fall 2024,School Fair,General Track,Accepted
APP000826,STU00826,2019-03-17,Spring 2024,School Fair,Sports Academy,Accepted
APP000029,STU00029,"March 24, 2019",Fall 2024,Agent/Partner,International Baccalaureate,Accepted  
APP000068,STU00068,2021-11-11,Fall 2023,Social Media,General Track,Accepted
APP000886,STU00886,"October 14, 2019",Spring 2024,Social Media,International Baccalaureate,Accepted
APP000664,STU00664,2022-12-24,Spring 2025,Social Media,STEM Track,Accepted
APP000385,385,2021-06-21,,Walk-in,Sports Academy,Accepted
APP000268,STU00268,02-Jun-2024,Fall 2023,Agent/Partner,Arts Track,Accepted
APP000237,STU00237,2021-01-09,Fall 2023,School Fair,STEM Track,Accepted
APP000400,STU00400,29-Apr-2021,Spring 2024,  School  Fair,  International Baccalaureate,Accepted
APP000105,STU00105,2019-06-03,Spring 2025,Agent/Partner,International Baccalaureate,Accepted
APP000649,649,2022-07-03,Spring 2024,Social Media,International Baccalaureate,Accepted
APP000138,stu00138,2024-07-10,Fall 2024,Website,Arts Track,Accepted
APP001300,,2025-01-09,Fall 2025,,Arts Track,Accepted
APP000847,STU00847,2020-04-26,Spring 2024,Website,International Baccalaureate,Accepted
APP000908,STU00908,2020-08-03,Spring 2025,Referral,General Track,
APP000082,STU00082,43845,Fall 2025,Social Media,STEM Track,Accepted
APP000394,STU00394,2024-04-01,Fall 2023,Referral,International Baccalaureate,Accepted
APP000820,STU00820,2024-10-04,Spring 2025,Referral,International Baccalaureate,Accepted
APP000461,STU00461,2021-04-26,Spring 2024,Referral,International Baccalaureate,Accepted
APP000598,STU00598,2022-06-22,Fall 2025,Social Media,STEM Track,Accepted
APP000705,STU00705,25/4/2024,Spring 2025,Agent/Partner,General Track,Accepted
APP001056,,2021-02-09,Fall 2024,Website,STEM Track,Accepted
APP000265,265,2024-12-03,Fall 2024,Referral,International Baccalaureate,Accepted
APP000472,STU00472,2020-07-08,Fall 2024,Social Media,STEM Track,Accepted
APP000137,STU00137,2020-02-01,Spring 2024,Social Media,General Track,Accepted
APP000829,STU00829,2022-10-04,Fall 2025,Website,Arts Track,Accepted
APP000647,STU00647,2024-09-29,Spring 2024,Website,Sports Academy,accepted
APP000203,STU00203,2023-06-22,Spring 2025,Social Media,Sports Academy,Accepted
APP000787,STU00787,2025-03-31,Spring 2024,School Fair,General Track,Accepted
APP001240,,2022-04-29,Spring 2024,Referral,STEM Track,Accepted
APP000426,S0426,2022-06-11,Fall 2024,Social Media,Arts Track,Accepted
APP000404,STU00404,2021-05-15,Fall 2024,Website,Sports Academy,Accepted
APP000060,STU00060,2020-07-25,Fall 2025,Website,Arts Track,Accepted
APP000040,STU00040,2023-06-30,Spring 2025,School  Fair,Sports Academy,Accepted
APP001225,,44423,Spring 2024,Referral,Sports Academy,Accepted
APP000880,STU00880,44548,Fall 2023,referral,General Track,Accepted
APP000047,STU-00047,2023-11-22,Spring 2025,Referral,STEM Track,Accepted
APP000315,STU00315,20/7/2021,Fall 2023,Social Media,General Track,Accepted
APP000537,STU-00537,2021-10-10,Fall 2023,Website,Arts Track,Accepted
APP000217,STU217,2024-05-22,Spring 2024,Walk-in,STEM Track,Accepted  
APP000609,STU00609,4/3/2021,Spring 2025,Referral,Arts Track,Accepted
APP001249,,2022-04-11,Spring 2025,Referral,International  Baccalaureate,Accepted
APP001058,,2019-11-26,Fall 2023,,STEM Track,Accepted
APP000452,STU00452,2024-04-29,Fall 2024,Referral,International Baccalaureate,Accepted
,,2022-07-15,Fall 2025,Walk-in,General Track,Accepted
APP001155,,2022-04-25,Fall 2023,Agent/Partner,International Baccalaureate,Rejected
APP000478,STU478,2020-10-31,Fall 2023,School Fair,International Baccalaureate,Accepted
APP001264,,2022-07-27,Fall 2023,Walk-in,Arts Track,Accepted
APP000920,STU00920,2019-05-12,Spring 2025,Social Media,Arts Track,Accepted
APP000600,STU00600,2022-06-29,Spring 2024,School Fair,STEM Track,Accepted
APP000877,STU00877,2021-01-07,Fall 2025,Social Media,STEM Track,Accepted
APP001227,,2023-10-14,Fall 2024,Walk-in,,Pending
APP000531,STU00531,2024-02-19,Spring 2025,School Fair,General Track,Accepted
APP001067,,2019-08-31,Spring 2025,WALK-IN,General Track,Accepted
APP000677,STU677,2021-07-16,Fall 2025,Social Media,General Track,Accepted
APP000410,STU00410,4/29/2019,Fall 2024,School Fair,General Track,Accepted
APP000361,STU00361,2020-08-01,Spring 2025,Website,Arts Track,Accepted
APP000098,STU00098,2019-09-15,Spring 2024,Walk-in,STEM Track,Accepted
APP000328,STU00328,2024-02-09,Spring 2024,Referral,General Track,
,STU00651,"March 18, 2020",Spring 2024,School Fair,General Track,Accepted
APP000512,STU00512,2022-09-25,Fall 2024,Referral,International Baccalaureate,Accepted
APP000229,STU00229,2020-04-25,Spring 2025,School Fair,STEM Track,Accepted
APP000972,STU00972,2021-07-23,Fall 2023,Referral,General Track,Accepted
APP000467,STU00467,13-Jan-2020,Fall 2025,Walk-in,STEM Track,Accepted
APP000433,STU00433,2022-11-07,Fall 2023,Website,Sports Academy,Accepted
APP000632,STU00632,2025-02-19,Spring 2025,Social Media,Arts Track,Accepted
APP000150,STU00150,7/21/2022,Spring 2024,Walk-in,Sports Academy,Accepted
APP000876,STU00876,2020-07-28,Spring 2024,School Fair,General Track,Accepted
APP001094,,2020-02-29,Fall 2023,School Fair,International Baccalaureate,Accepted
APP000382,STU00382,2021-04-13,Fall 2023,Agent/Partner,International Baccalaureate,Accepted
APP000180,STU00180,2019-09-28,Spring 2025,Website,International Baccalaureate,Accepted
APP000856,STU00856,2024-10-23,,Website,Arts Track,Accepted
APP000751,STU00751,7/27/2022,Spring 2024,Agent/Partner,General Track,Accepted
APP000949,STU00949,2023-07-22,Spring 2024,Walk-in,General Track,Accepted
APP000044,STU00044,2022-02-09,Spring 2024,Agent/Partner,Sports Academy,Accepted
APP001159,,2019-03-27,Fall 2025,Website,Arts Track,accepted
APP000570,STU00570,2021-02-28,Spring 2025,School Fair,Sports Academy,Accepted
APP000228,STU00228,2021-07-19,Spring 2024,,Arts Track,Accepted
APP000336,336,2022-08-06,Spring 2025,,General Track,Accepted
APP001148,,2020-11-08,Spring 2025,Website,STEM Track,Accepted
APP000466,STU00466,2020-02-02,Spring 2024,Social Media,Arts Track,Accepted  
APP000205,stu00205,2021-09-10,Fall 2023,School Fair,GENERAL TRACK,Accepted
APP000786,STU00786,2025-02-27,Fall 2025,AGENT/PARTNER,international baccalaureate,Accepted
APP000069,STU00069,"June 05, 2022",Fall 2025,Referral,Sports Academy,Accepted
APP000999,STU-00999,27/6/2023,Fall 2023,School Fair,International  Baccalaureate,Accepted
APP000121,STU00121,2024-11-17,Fall 2024,School Fair,Sports Academy,Accepted
APP000574,574,,Fall 2024,Social Media,General Track,Accepted
APP000509,STU00509,9/6/2024,Fall 2023,Social Media,Sports Academy,Accepted
APP001229,,2021-05-20,Fall 2024,Social Media,Sports Academy,Rejected
APP000058,STU00058,2024-04-10,Fall 2023,Social Media,International Baccalaureate,Accepted
APP001098,,"August 10, 2019",Fall 2023,School Fair,STEM Track,Waitlisted
APP001217,,2019-04-14,Fall 2023,Agent/Partner,STEM Track,Accepted
APP000854,STU00854,2022-08-22,Spring 2024,Walk-in,STEM Track,Accepted
APP000258,STU00258,2022-02-02,Fall 2025,Referral,STEM Track,Accepted
APP000663,STU00663,2021-10-16,Fall 2025,Website,General Track,Accepted
APP000388,STU00388,2019-03-23,Spring 2024,School Fair,International Baccalaureate,Accepted
APP000038,STU00038,2025-02-04,Fall 2025,Website,STEM Track,Accepted
APP000923,923,23/5/2019,Spring 2024,Social Media,General Track,Accepted
APP001023,,2021-08-29,Fall 2025,Social Media,Sports Academy,Rejected
APP000425,STU00425,45543,Spring 2024,  Website,Sports Academy,Accepted
APP000764,STU-00764,03-Jul-2021,Fall 2024,Walk-in,General Track,Accepted
APP000259,STU00259,2020-10-29,Fall 2024,  Social Media,Sports Academy,Accepted
APP000611,STU00611,,Fall 2023,Walk-in,Sports Academy,Accepted
APP001049,,,Spring 2024,Social Media,Arts Track,Rejected
APP000852,STU00852,2023-09-17,Spring 2024,Social Media,STEM Track,Accepted
APP000872,STU00872,2025-05-08,Fall 2025,Social Media,Arts Track,Accepted
APP001149,,2020-04-26,Fall 2023,Agent/Partner,Sports Academy,Rejected
APP000539,STU00539,2020-02-16,Fall 2023,Walk-in,Sports Academy,Accepted
APP000715,STU00715,2022-10-08,Spring 2025,Referral,STEM Track,Accepted
APP000679,STU00679,2019-03-15,Fall 2024,School Fair,International Baccalaureate,
APP000142,STU00142,2019-04-12,Fall 2025,Walk-in,Arts Track,Accepted
APP000439,STU00439,2021-09-15,Spring 2025,,Sports Academy,Accepted
APP000493,STU00493,2019-06-26,Fall 2024,Referral,Sports Academy,Accepted
APP000645,STU00645,2024-07-29,Fall 2023,Social Media,International Baccalaureate,Accepted
APP000768,STU00768,,Fall 2023,Website,Sports Academy,Accepted
APP001009,,2021-09-28,Fall 2023,,International Baccalaureate,Accepted
APP000141,STU00141,2023-12-02,Fall 2024,Agent/Partner,Arts Track,Accepted
APP001201,,19-May-2019,Fall 2024,Social Media,Arts Track,Accepted
APP000850,stu00850,2020-12-19,Spring 2024,Walk-in,Sports Academy,Accepted
APP000086,STU00086,2023-10-02,,School Fair,ARTS TRACK,Accepted
APP000093,STU00093,2024-02-01,Fall 2025,Website,Arts Track,Accepted
APP001143,,2023-08-22,Fall 2023,School Fair,International Baccalaureate,Accepted
,,2023-08-08,Fall 2023,SCHOOL FAIR,General Track,Accepted
APP000047,STU-00047,2023-11-22,Spring 2025,Referral,STEM Track,Accepted
APP001250,,2025-03-22,Spring 2025,Referral,STEM Track,Accepted
APP000588,STU00588,2021-04-21,Spring 2025,REFERRAL,Arts Track,Accepted
APP000055,STU00055,"August 27, 2021",Fall 2024,Website,Arts Track,Accepted
APP001092,,,Fall 2024,Website,STEM Track,Accepted
APP000413,STU00413,16/12/2019,Fall 2024,School Fair,Sports Academy,Accepted
APP000322,STU00322,2020-04-15,Fall 2024,Walk-in  ,International Baccalaureate,Accepted
APP000081,STU00081,2020-07-11,Fall 2023,School Fair,  International Baccalaureate,Accepted
APP000672,STU00672,2020-09-16,Spring 2024,,General Track,Accepted
APP000106,STU106,2020-05-10,Fall 2025,Social Media,Arts Track,Accepted
APP000813,STU00813,2022-03-04,Spring 2025,,Sports Academy,Accepted
APP000256,STU00256,43536,Spring 2025,Referral,Arts Track,
APP001135,,3/30/2022,Spring 2024,Agent/Partner,General Track,Accepted
APP000710,STU00710,2020-02-03,Spring 2025,  School Fair,,Accepted
APP000079,STU00079,11/28/2021,Fall 2024,Social Media,  General Track,Accepted
APP001266,,44019,Fall 2025,School Fair,STEM Track,Accepted
APP000573,STU00573,2019-08-30,Fall 2025,School Fair,  General Track,Accepted
APP001053,,2021-04-29,Spring 2025,,STEM Track,Accepted
APP000830,STU00830,2021-01-12,Fall 2023,School Fair,Sports Academy,Accepted
APP000822,STU00822,2022-09-13,Spring 2025,Website,Arts Track,Accepted
APP000096,S0096,2021-06-09,Fall 2023,Social Media,  STEM Track,Accepted
APP000057,STU00057,2025-05-17,Fall 2023,School Fair,International Baccalaureate,Accepted
APP000720,STU00720,2019-04-12,Fall 2023,REFERRAL,Arts Track,Accepted
APP000056,stu00056,2021-08-06,Spring 2025,Walk-in,International Baccalaureate,Accepted
APP001054,,2023-06-09,Fall 2024,Walk-in,Arts  Track,Accepted
APP000916,STU00916,06-May-2022,Spring 2024,Agent/Partner,STEM Track,Accepted
APP000304,STU00304,2019-08-01,Spring 2024,Website,STEM Track,Accepted
APP000017,STU00017,,Fall 2025,Website,General Track,Accepted
APP000184,STU00184,2019-09-01,Spring 2025,Social Media,International Baccalaureate,Accepted
APP000685,STU00685,2021-08-27,Fall 2023,Agent/Partner,Sports Academy,Accepted
APP000703,STU00703,2025-03-24,Fall 2025,school fair,Arts Track,Accepted
APP000994,STU00994,2020-01-14,,Referral,STEM Track,Accepted
APP000450,STU00450,2023-09-05,Fall 2025,Referral,General Track,Accepted
APP001210,,,Fall 2024,Agent/Partner,International Baccalaureate,Rejected
APP000586,STU00586,2023-09-19,Spring 2025,  Website,STEM Track,Accepted
APP000660,STU00660,2023-11-23,Fall 2023,Referral,STEM Track,Accepted
APP000818,STU-00818,2024-05-04,Fall 2024,Website,General Track,Accepted
APP000134,STU00134,2023-01-15,Fall 2025,Walk-in,Sports Academy,Accepted
APP000569,STU00569,12/1/2020,Fall 2024,Agent/Partner,General Track,Accepted
APP001111,,2024-12-21,Fall 2025,Website,STEM Track,  Rejected
APP000325,STU00325,2021-11-26,Fall 2023,Agent/Partner,Arts Track,Accepted
APP000591,STU00591,2022-05-23,Spring 2025,Referral,General Track,Accepted
APP000267,STU00267,2024-07-12,Fall 2023,Referral,Sports Academy,Accepted
APP000790,STU00790,2019-12-23,Fall 2023,Website,Arts Track  ,Accepted
APP000475,STU00475,2023-10-09,Fall 2025,,International Baccalaureate  ,Accepted
APP000969,STU00969,2024-12-21,Fall 2025,Website,International Baccalaureate,Accepted
APP000063,STU00063,2021-02-06,Fall 2025,Website,International Baccalaureate,Accepted
APP001125,,2022-08-02,Fall 2025,Referral,STEM Track,Accepted
APP000731,STU00731,2022-12-03,Spring 2024,Agent/Partner,GENERAL TRACK,Accepted
APP000623,STU00623,2024-06-23,Spring 2024,Social Media,Arts Track,Accepted
APP001209,,2025-03-07,Fall 2025,Agent/Partner,STEM Track,Accepted
APP001129,,7/4/2023,Spring 2025,School Fair,General Track,Accepted
APP001156,,2023-07-03,Fall 2024,Agent/Partner,General Track,Accepted
APP000796,STU00796,2020-12-26,Fall 2025,Agent/Partner,General Track,accepted
APP001293,,2020-08-08,Fall 2025,Referral,STEM Track,
APP000140,STU00140,2019-12-29,Spring 2025,Website,  General Track,Accepted
APP001014,,2021-04-19,Fall 2023,,Arts Track,Accepted
APP000419,STU00419,2022-07-22,Spring 2025,Website  ,General Track,Accepted
APP000756,STU00756,2023-08-19,Fall 2024,Website,Arts Track,Accepted
APP001177,,7/4/2024,Fall 2024,Agent/Partner,STEM Track,Accepted
APP000625,STU00625,2019-10-30,Fall 2023,Walk-in,,Accepted
APP000515,STU00515,2020-12-09,Spring 2025,School Fair,Arts Track,Accepted
APP000892,STU00892,2020-11-11,Spring 2025,Referral,International Baccalaureate,Accepted
APP001226,,2022-04-22,,Walk-in,Arts Track,Accepted
APP000746,STU-00746,2022-11-15,Fall 2023,Walk-in,Sports Academy,Accepted
APP001070,,"December 03, 2022",Fall 2024,Referral,STEM Track,Accepted
APP001182,,2020-05-13,Spring 2025,Walk-in,Sports Academy,Accepted
APP001166,,21/11/2019,Spring 2025,Walk-in,stem track,Accepted
APP000299,STU00299,2021-02-07,Fall 2024,Website,International Baccalaureate,Accepted
APP000634,STU00634,2023-06-26,Fall 2023,Agent/Partner,General Track,Accepted
APP001003,,2020-11-17,Spring 2025,School Fair  ,Sports Academy,Accepted
APP001239,,2023-11-16,Spring 2024,Referral,Sports Academy,Accepted
APP000758,S0758,7/7/2023,Fall 2025,Social Media,International Baccalaureate,ACCEPTED
APP000752,STU00752,2022-09-19,Fall 2024,Social Media,STEM Track,Accepted
APP000795,STU00795,2024-12-09,Fall 2025,Website,Sports Academy,Accepted
APP000275,S0275,2020-05-11,Spring 2024,school fair,STEM Track,Accepted
APP001258,,2020-10-03,Fall 2023,Agent/Partner,,Rejected
APP000064,STU00064,2023-09-02,Spring 2024,Walk-in,General Track,Accepted
APP000021,STU00021,2024-09-17,Fall 2023,Social Media,International Baccalaureate,Accepted
APP000459,S0459,2024-11-26,Spring 2025,Social Media,General Track,Accepted
APP000821,STU00821,2019-07-24,Fall 2023,Walk-in,Sports Academy,
APP000348,STU348,2024-11-01,Fall 2023,,Sports Academy,Accepted
APP001246,,,Fall 2024,Walk-in,Arts Track,Accepted
APP000239,STU00239,2024-09-07,Fall 2025,Agent/Partner,STEM Track,Accepted
APP000276,STU00276,2019-04-07,Fall 2025,Walk-in,General Track,Accepted
APP000864,STU00864,2023-05-20,Fall 2025,Walk-in,,Accepted
APP000456,STU00456,2024-01-07,Spring 2024,Website,Arts Track,Accepted
APP001066,,43993,Fall 2025,Referral,General Track,Accepted
APP000548,STU00548,2021-05-06,Fall 2024,School Fair,Sports Academy  ,
APP000250,STU00250,2022-08-17,Spring 2024,Social Media,Sports Academy,Accepted
APP000992,STU00992,2023-02-13,Fall 2025,School Fair,Arts Track,Accepted
APP000085,STU00085,2022-03-15,Spring 2024,Agent/Partner,STEM Track,Accepted
APP000347,347,2024-03-22,Spring 2024,Agent/Partner,Sports Academy,Accepted
APP000424,STU00424,2023-02-08,Spring 2025,Social Media,,Accepted
APP001124,,,Fall 2023,agent/partner,Sports Academy,Accepted
APP001259,,2019-09-01,Spring 2024,Referral,STEM Track,Accepted
APP001062,,2022-11-01,Fall 2024,Referral,STEM Track,Accepted
APP000185,STU00185,2023-09-18,Spring 2024,Social Media,General Track,Accepted
APP000606,STU00606,2023-09-10,Fall 2023,Social Media,General Track,Accepted
APP000107,107,2022-09-07,Spring 2025,Referral,STEM Track,Accepted
APP001230,,"August 16, 2023",Fall 2025,Agent/Partner  ,International Baccalaureate,Accepted
APP001257,,2022-09-05,Fall 2025,Website,Arts Track,Accepted
APP000673,STU00673,2024-09-13,Spring 2024,SOCIAL MEDIA,STEM Track,Accepted
,STU00071,14-Jan-2023,Fall 2024,School Fair,,
APP001103,,2025-05-18,Fall 2023,Referral,Sports Academy,Accepted
APP000458,STU00458,2023-08-10,Fall 2024,School Fair,Sports Academy,Accepted
APP000809,S0809,2020-11-03,Fall 2025,Walk-in,STEM Track,Accepted
APP001061,,2022-09-29,Fall 2025,Referral,International Baccalaureate,Accepted
APP001131,,"May 16, 2023",Fall 2024,Website,Arts Track,Accepted
APP000170,STU00170,2024-07-25,Spring 2024,Agent/Partner,General Track,Accepted
APP000939,STU00939,2024-12-07,Fall 2024,Social Media,Sports Academy,Accepted
APP000954,STU00954,2020-12-15,Fall 2024,school fair,International Baccalaureate,Accepted
APP000638,STU00638,2024-12-05,Spring 2024,Website,Arts Track,Accepted
APP001218,,2024-12-17,Fall 2024,  Agent/Partner,Arts Track,Accepted
APP001108,,2024-07-07,Fall 2025,Walk-in,Sports Academy,Accepted
APP000989,STU00989,2021-04-17,Fall 2024,Social Media,Arts Track,Accepted
APP000292,STU00292,2019-09-23,Fall 2024,Referral,STEM Track,ACCEPTED
APP001146,,2021-07-25,Fall 2024,Social Media,STEM Track,Accepted
APP000195,STU00195,,Fall 2025,Website,STEM Track,Accepted
APP000955,STU00955,2019-11-02,Fall 2023,School Fair,Arts Track,Accepted
APP000289,STU00289,,Fall 2024,Website,Sports Academy,Accepted
APP000028,STU00028,2021-02-23,Spring 2025,Referral,General Track,Accepted
APP001087,,2023-10-17,Fall 2024,Referral,Sports Academy  ,Accepted
APP000490,490,2020-07-24,Spring 2025,Social Media,Arts Track,Accepted
APP000745,stu00745,2/18/2022,,Agent/Partner,Arts Track,Accepted
APP001214,,2020-05-12,Fall 2024,Agent/Partner,International Baccalaureate,Pending
APP001268,,2023-04-15,Fall 2025,School Fair,General Track,Accepted
APP000835,STU00835,3/26/2022,Fall 2024,Referral,International Baccalaureate,Accepted
APP000594,STU00594,2022-11-22,Fall 2023,Walk-in,Arts Track,Accepted
APP000833,STU00833,2023-04-01,Fall 2025,Social Media,General Track,Accepted  
APP000262,STU00262,24/10/2020,,Walk-in,International Baccalaureate,Accepted
APP000338,STU00338,2019-07-06,Fall 2024,Social Media,General Track,accepted
APP001063,,2023-12-10,Fall 2024,Website,STEM Track,Accepted
APP001251,,2023-06-27,Fall 2024,Social Media,General Track,Accepted
APP000888,STU00888,2022-10-13,Spring 2025,Agent/Partner,  STEM Track,Accepted
APP000027,STU00027,"November 19, 2024",Fall 2025,Referral,STEM Track,Accepted
APP001139,,2025-03-08,Spring 2025,Website,Sports Academy,Rejected  
APP000692,STU00692,2023-09-19,Spring 2025,,General Track,Accepted
APP000172,STU00172,2022-12-17,Fall 2025,Website,International Baccalaureate,Accepted
APP000801,STU00801,2024-01-24,Fall 2024,Agent/Partner,STEM Track,Accepted
APP001236,,2021-06-25,Fall 2024,Walk-in,General Track,Accepted
APP001068,,2024-02-19,Spring 2025,School Fair,Arts Track,Accepted
APP001110,,2021-09-07,Fall 2023,Social Media,STEM Track,Accepted
APP000643,STU-00643,43884,Fall 2023,Website,International Baccalaureate,Accepted
APP000283,STU00283,2024-06-30,Fall 2025,Website,STEM Track,Accepted
APP000759,STU00759,,Fall 2024,Social Media,STEM Track,Accepted
APP001032,,2020-07-21,Fall 2025,Agent/Partner,STEM Track,Accepted
APP000073,STU-00073,2021-03-16,Spring 2025,Referral,Arts Track,Accepted
APP000242,STU00242,"September 10, 2021",Fall 2023,Social Media,Sports Academy,Accepted
APP000159,STU159,2023-09-14,Fall 2023,Website,Sports Academy,Accepted
APP000214,STU00214,2021-09-08,,School Fair,Arts Track,Accepted
APP000166,STU00166,2021-10-13,Fall 2023,Referral,General Track,Accepted
APP000018,STU00018,2021-12-15,Spring 2025,Walk-in,Sports Academy,
APP000526,STU00526,2019-08-29,Spring 2025,School Fair,General Track,Accepted
APP000874,STU00874,2022-05-20,Fall 2024,Referral,STEM Track,Accepted
APP000010,STU00010,3/22/2021,Spring 2025,Social Media,Arts Track,Accepted
APP001189,,2020-09-30,Fall 2023,Referral,General Track,Accepted
APP001051,,6/9/2023,Spring 2025,Agent/Partner,Sports Academy,
APP000247,STU00247,2021-10-17,Spring 2024,Website,General Track,Accepted
APP000309,S0309,,Spring 2025,Social Media,STEM Track,Accepted
APP000624,624,2021-06-05,Spring 2024,Referral,Arts Track,Accepted
APP000420,STU00420,2022-10-24,Fall 2024,Agent/Partner,International Baccalaureate,
APP000326,STU00326,2020-09-02,Spring 2024,School Fair,International Baccalaureate,Accepted  
APP000641,STU00641,2019-07-14,Fall 2023,SCHOOL FAIR,STEM Track,Accepted
APP000332,STU00332,2019-04-26,Fall 2025,Referral,International Baccalaureate,Accepted
APP000535,STU00535,2019-11-09,Spring 2024,Agent/Partner,Sports Academy,Accepted
APP000717,STU00717,2022-02-23,Spring 2025,Referral,International Baccalaureate,
APP000706,STU00706,43830,Fall 2025,Referral,General Track,Accepted
APP000221,STU00221,2019-05-04,Fall 2025,School Fair,General Track,Accepted
APP000049,STU00049,2021-04-07,Fall 2025,Website,STEM Track,Accepted
APP000637,S0637,2021-08-08,Spring 2024,School Fair,  STEM Track,Accepted
APP000668,STU00668,2023-07-02,Spring 2024,Website,General Track,Accepted
APP000564,STU00564,2019-12-02,Fall 2023,Website,Arts Track,Accepted
APP000381,STU00381,2024-09-22,Fall 2024,Referral,Arts Track,
APP000249,STU00249,,Spring 2025,Agent/Partner,Sports Academy,Accepted
APP001132,,45780,Spring 2025,Social Media,Arts Track,Pending
APP000303,STU00303,2024-12-20,Spring 2024,Social Media,International Baccalaureate,Accepted
APP001279,,2022-08-29,Spring 2025,Referral,International Baccalaureate,Rejected
APP000019,STU00019,2021-12-01,Fall 2023,Website,STEM Track,Accepted
APP000538,STU00538,2025-02-10,Fall 2023,Social Media,Sports Academy,Accepted
APP000990,STU00990,2023-06-26,Fall 2025,Agent/Partner,Sports Academy,
APP000031,STU00031,2022-07-07,Fall 2024,WALK-IN,Sports Academy,Accepted
APP000823,STU00823,31-Jul-2021,Fall 2023,Agent/Partner,International Baccalaureate,Accepted
APP000669,STU00669,2019-08-24,Fall 2023,Walk-in,STEM Track,Accepted
APP000319,STU00319,43945,Spring 2025,Website,Arts Track,Accepted
APP000392,STU00392,"June 18, 2024",Spring 2025,Social Media,STEM Track,Accepted
APP000804,STU00804,2020-01-24,,Website,International Baccalaureate,Accepted
APP001029,,2025-04-19,Fall 2025,Referral,general track,Accepted
APP000893,893,2/10/2025,Fall 2023,Agent/Partner,General Track,Accepted
APP000417,STU00417,2020-01-15,Fall 2023,Agent/Partner,General Track,Accepted
APP000175,STU00175,2025-03-16,Fall 2024,Website,International Baccalaureate,ACCEPTED
APP000162,162,06-Jul-2021,Fall 2025,Website,Arts Track,
APP001206,,2022-05-29,Fall 2025,  Referral,Sports Academy,Accepted
APP001140,,2021-05-12,,School Fair,STEM Track,Accepted
APP000191,STU00191,2024-03-27,Fall 2023,Referral,STEM Track,Accepted
APP000543,STU00543,2022-03-21,Fall 2025,School Fair,Arts Track,Accepted
APP001060,,7/3/2022,Spring 2025,Agent/Partner,Arts Track,Accepted
APP000661,STU00661,2019-12-16,Fall 2023,School Fair,General Track,ACCEPTED
APP000860,STU00860,2021-04-19,Fall 2023,Website,General Track,Accepted
APP000355,STU00355,2023-07-21,Fall 2025,Social Media,Sports Academy,Accepted
APP000695,STU00695,2024-02-21,Fall 2023,Social Media,STEM Track,Accepted
APP000981,STU00981,2021-09-08,Spring 2025,School  Fair,International Baccalaureate,
APP000982,STU00982,2022-10-18,Fall 2024,School Fair,Sports Academy,Accepted
APP000091,STU00091,2024-10-04,Spring 2025,Agent/Partner,Sports Academy,Accepted
APP000921,STU00921,3/4/2025,Spring 2025,Walk-in,General Track,Accepted
APP000011,STU00011,2022-01-04,Spring 2025,Walk-in,Arts Track,Accepted
APP000016,STU16,2022-05-17,Fall 2025,Social Media,STEM Track,Accepted
APP000871,STU00871,43969,Spring 2025,School Fair,STEM Track,Accepted
APP000207,STU00207,2024-11-22,Spring 2024,Website,Arts  Track,Accepted
APP000110,STU-00110,2019-08-04,Spring 2025,Walk-in,Sports Academy,Accepted
APP001199,,3/11/2025,Fall 2023,Social Media,Sports Academy,Accepted
APP000897,stu00897,2019-10-11,Spring 2025,Website,Sports Academy,Accepted
APP001170,,2024-11-10,Fall 2024,,Arts Track,Accepted
APP000922,STU00922,2025-03-03,Spring 2025,Social Media,International Baccalaureate,Accepted
APP001191,,2019-12-13,Fall 2024,  Referral,Arts Track,Accepted
APP000814,STU00814,2022-03-23,Fall 2023,Walk-in,STEM Track,Accepted
APP000074,STU00074,2020-04-16,Spring 2024,Walk-in,General Track,Accepted  
APP000305,STU00305,2019-09-17,Spring 2025,Agent/Partner,STEM Track,Accepted
APP001192,,,Spring 2024,School Fair,SPORTS ACADEMY,Rejected
APP000701,STU00701,2024-03-26,Spring 2025,Walk-in,General Track,accepted
APP000223,STU00223,2019-08-28,Fall 2024,Social Media,STEM Track,Accepted
APP000524,524,2020-03-20,Spring 2025,Social Media,  Sports Academy,Accepted
APP000112,STU00112,2019-05-11,Fall 2025,,STEM Track,Accepted
APP000301,STU00301,8/5/2024,Spring 2024,,,Accepted
APP000101,STU00101,2024-03-24,Fall 2025,Agent/Partner,Arts Track,ACCEPTED
APP000397,STU00397,2019-08-15,Fall 2023,Referral,General Track,Accepted
APP000984,STU00984,2021-07-08,Spring 2024,School Fair,STEM Track,Accepted
APP000924,stu00924,2020-04-15,Spring 2025,Walk-in,General Track,Accepted
APP001144,,2024-02-19,Spring 2025,Agent/Partner,STEM Track,Accepted
APP000014,STU00014,2019-06-05,Fall 2025,Website,General Track,Accepted
APP000885,STU00885,2022-01-04,,Agent/Partner,STEM Track,Accepted
APP000894,STU00894,2024-02-18,Fall 2025,Referral,International Baccalaureate,Accepted
APP000696,STU00696,19-Sep-2022,Fall 2024,Website,International Baccalaureate,Accepted
APP000565,STU00565,"August 02, 2023",Fall 2023,Walk-in,STEM Track,Accepted
APP000968,STU00968,2024-04-17,Fall 2025,Agent/Partner,Arts Track,
APP000174,STU00174,2019-12-15,Fall 2024,Referral,Arts Track,Accepted
APP000675,STU00675,2024-12-07,Fall 2023,Social Media,General Track,Accepted
APP000550,STU-00550,2022-11-19,Spring 2024,Referral,Sports Academy,Accepted
APP001229,,2021-05-20,Fall 2024,Social Media,Sports Academy,Rejected
APP000279,STU00279,2024-08-31,Fall 2025,Website,Arts Track,Accepted
APP000975,STU00975,2021-01-07,Fall 2023,Walk-in,Arts Track,Accepted
APP000840,STU00840,2023-10-17,Spring 2025,School Fair,Arts Track,Accepted
APP000204,STU00204,2025-01-25,Fall 2024,Agent/Partner,General  Track,Accepted
APP000891,STU00891,2023-07-02,Spring 2024,Social Media,General Track,
APP000732,STU00732,2024-08-13,Fall 2025,SCHOOL FAIR,stem track,Accepted
,,2021-10-20,Fall 2024,Website,STEM Track,Accepted
APP001059,,2021-07-19,,WEBSITE,STEM Track,Accepted
APP001127,,2021-09-15,Fall 2023,Agent/Partner,Sports Academy,Pending
APP001041,,2020-08-16,,Social Media,International Baccalaureate,Accepted
APP000773,STU00773,2020-10-11,Fall 2024,Agent/Partner,Arts Track,Accepted
APP000271,STU00271,2023-03-15,Fall 2023,Walk-in,General Track,Accepted
APP000753,STU753,2024-09-19,Fall 2024,Social Media,Arts Track,Accepted
APP001223,,2019-05-02,Spring 2024,School Fair,International Baccalaureate,Accepted
APP001288,,44169,Fall 2024,Website,International Baccalaureate,Waitlisted
APP001007,,2020-09-07,Spring 2024,Referral,International Baccalaureate,ACCEPTED
APP000858,858,2021-04-22,Spring 2024,Agent/Partner,International Baccalaureate,Accepted
APP000411,STU00411,2022-07-30,Fall 2024,Referral,Sports  Academy,Accepted
APP000688,STU00688,08-May-2019,Spring 2025,Walk-in,Arts Track,Accepted
APP000682,682,2023-11-14,Spring 2025,School Fair,General Track,Accepted
APP000302,STU00302,2023-08-24,Spring 2025,Referral,Arts Track,Accepted
APP000132,STU00132,2021-08-20,Spring 2025,Website,Sports Academy,Accepted
APP001216,,2023-09-15,Spring 2024,School Fair,Sports Academy,Accepted
APP000363,STU00363,2019-10-02,Fall 2025,Referral,Sports Academy,Accepted
APP001219,,2019-03-31,Spring 2024,Walk-in,International Baccalaureate,
APP000129,STU00129,2020-10-20,Fall 2023,Referral,General Track,Accepted
APP000274,STU00274,2019-03-12,Spring 2024,School Fair,Arts Track,Accepted
APP000614,STU00614,2021-12-10,Spring 2024,Walk-in,Arts Track,Accepted
APP000501,STU00501,2020-08-18,Spring 2024,Website,Sports Academy,Accepted
APP001152,,2025-01-21,Fall 2025,Website,STEM Track,Accepted
APP000331,STU00331,2020-11-19,Fall 2024,Walk-in,STEM Track,Accepted
APP000714,STU00714,14-Aug-2022,Spring 2024,Website,STEM Track,Accepted
APP000808,STU00808,45089,Fall 2023,Agent/Partner,Arts Track,Accepted
APP000320,STU00320,2021-09-28,Spring 2025,Website,Arts Track,Accepted
APP000508,STU00508,14/2/2020,Fall 2024,Referral,Arts Track,Accepted
APP000007,STU-00007,2020-11-04,Fall 2023,Walk-in,International Baccalaureate,Accepted
APP000996,stu00996,2019-07-05,Fall 2024,Referral,Arts Track,Accepted
APP000023,STU00023,2021-10-10,Fall 2024,School Fair,General Track,Accepted
APP001096,,2021-02-21,Fall 2025,Agent/Partner,Sports Academy,Accepted
APP000483,STU00483,2019-09-21,Spring 2025,Referral,Sports Academy,
APP000161,STU00161,2020-10-01,Fall 2025,Walk-in,International Baccalaureate,ACCEPTED
APP000517,STU00517,,Fall 2023,School Fair,International Baccalaureate,Accepted
,,2023-03-03,Fall 2024,Walk-in,International Baccalaureate,Waitlisted
APP000725,STU00725,2022-02-07,,Referral,Arts Track,Accepted
APP000226,STU00226,2020-08-10,Spring 2025,Social Media,  International Baccalaureate,Accepted
APP000300,STU00300,2021-01-05,Spring 2024,Referral,Sports Academy,Accepted
APP001100,,2019-05-21,Spring 2024,Referral,Sports Academy,Accepted
APP001289,,2022-01-06,Fall 2025,Agent/Partner,General  Track,Accepted
APP001035,,1/5/2024,Fall 2025,Website,Sports Academy,Accepted
APP000307,STU00307,2021-10-17,Fall 2023,Agent/Partner  ,Arts Track,Accepted
APP001213,,,Spring 2025,School Fair,STEM Track,Rejected
APP000200,STU00200,2024-05-24,Fall 2024,Website,STEM Track,Accepted
APP001130,,26-Jul-2023,Fall 2023,Walk-in,General Track,Accepted
APP000386,STU00386,2022-03-06,Fall 2024,Agent/Partner,sports academy,Accepted
APP001079,,2020-10-09,Fall 2025,School Fair,Sports  Academy,Accepted
APP001245,,30-Mar-2021,Fall 2024,Referral,STEM Track,Accepted
APP000905,STU00905,2023-06-16,Fall 2024,School Fair,General Track,Accepted
APP000308,STU00308,2022-08-31,Spring 2025,Website,International Baccalaureate,
APP001190,,21/3/2021,Spring 2025,Walk-in,Arts Track,Waitlisted
APP000767,STU767,2025-04-04,Spring 2024,Social Media,Sports Academy,Accepted
APP001297,,2023-11-16,Spring 2025,Website,International Baccalaureate,Accepted
APP000252,STU00252,3/30/2021,Fall 2025,Social Media,STEM Track,Accepted
APP000120,STU00120,2021-09-09,Spring 2025,Walk-in,STEM Track,Accepted
APP000938,STU00938,4/11/2020,Spring 2024,Website,International Baccalaureate  ,Accepted
APP000202,STU00202,2020-09-10,Fall 2024,Social Media,International Baccalaureate,Accepted
APP000354,S0354,29-Jul-2024,Fall 2025,Social Media,General Track,  Accepted
APP000469,STU00469,1/20/2021,Spring 2024,School Fair,Arts Track,Accepted
APP000343,STU00343,2020-04-12,Spring 2025,School Fair,International Baccalaureate,Accepted
APP000154,STU00154,2021-05-24,,Website,Sports Academy,Accepted
APP000831,STU00831,2022-03-18,Fall 2023,Referral,STEM Track,Accepted
APP000037,STU00037,2025-05-05,Fall 2023,Walk-in,International Baccalaureate,Accepted
APP000366,STU366,2022-11-21,Spring 2025,Social Media,Sports Academy,Accepted
APP000619,STU00619,5/21/2024,,Agent/Partner,General Track,Accepted
APP001104,,2022-06-29,Fall 2023,Referral,STEM Track,Rejected
APP001244,,"August 23, 2020",Fall 2024,Walk-in,International Baccalaureate,Accepted
APP001119,,2023-11-13,Fall 2025,,Sports Academy,Accepted  
APP000102,STU00102,2021-02-22,Spring 2024,Social Media,Arts Track  ,Accepted
APP000400,STU00400,2021-04-29,Spring 2024,School  Fair,  International Baccalaureate,Accepted
APP000416,stu00416,2021-07-17,Spring 2024,Walk-in,International Baccalaureate,Accepted
,STU00869,2022-05-22,Fall 2025,Referral,General Track,Accepted
APP000092,STU00092,2024-02-21,Spring 2024,  Social Media,Sports Academy,Accepted
APP000750,STU00750,6/17/2020,Spring 2024,Social Media,Sports Academy,Accepted
APP001151,,45710,Fall 2023,Social Media,Sports Academy,Rejected
APP000022,stu00022,25-Jul-2024,Spring 2025,Walk-in  ,General Track,  Accepted
APP000083,STU00083,2019-09-06,Fall 2025,Social  Media,General Track,Accepted
,STU00907,43541,Fall 2023,Walk-in,International Baccalaureate,Accepted
APP001270,,2024-07-15,Spring 2025,Walk-in,STEM Track,Waitlisted
APP000595,STU595,2020-02-07,Fall 2024,Walk-in,General Track,Accepted
APP000844,STU00844,2023-10-04,Fall 2025,Walk-in,STEM Track,Accepted
APP000365,STU00365,2025-02-19,Fall 2023,Agent/Partner,Arts Track,Accepted
APP000103,STU00103,2019-12-10,Spring 2025,Agent/Partner,International Baccalaureate,Accepted
APP000857,STU00857,2023-07-01,Fall 2024,  Walk-in,STEM Track,accepted
APP000867,STU00867,2025-02-18,Spring 2024,Agent/Partner,International Baccalaureate,Accepted
APP001022,,2019-10-23,Spring 2024,Referral,Arts Track,Accepted
APP000676,S0676,2024-10-21,Fall 2025,Agent/Partner,International Baccalaureate,Accepted
APP000817,STU00817,2020-07-21,Spring 2024,Agent/Partner,SPORTS ACADEMY,Accepted
APP000634,STU00634,2023-06-26,Fall 2023,Agent/Partner,General Track,Accepted
APP000884,STU00884,2023-09-08,Fall 2024,Website,STEM Track,Accepted
APP001281,,2020-11-03,Fall 2025,Social Media,Arts Track,Accepted
APP000042,STU00042,"August 15, 2023",Spring 2025,Referral,Sports Academy,Accepted
APP000690,STU00690,05-Dec-2023,Fall 2023,School Fair,Sports Academy,Accepted
APP000125,STU00125,2020-09-09,Spring 2024,Social Media,,Accepted
APP000810,STU00810,2025-05-19,Fall 2024,Website,Arts Track,Accepted
APP001228,,2021-09-20,Fall 2024,Website,  Arts Track,Accepted
APP000272,STU00272,2019-08-21,Fall 2025,Social Media,International Baccalaureate,Accepted
APP000514,STU00514,44690,Spring 2024,Referral,Sports Academy,Accepted
APP000742,STU00742,43891,Fall 2023,Social Media,Sports Academy,Accepted
APP000536,STU00536,2025-05-12,Fall 2024,,STEM Track,Accepted
APP001011,,2019-11-20,Fall 2024,Referral,STEM Track,Accepted
APP000613,STU00613,2024-09-08,Fall 2023,Referral,General Track,Accepted
APP000521,STU00521,2024-08-16,Fall 2023,Social Media,International Baccalaureate,Accepted
APP001280,,2022-06-06,Spring 2025,,International Baccalaureate,Accepted
APP000655,STU00655,2024-06-13,Fall 2023,Walk-in,Sports Academy,Accepted  
APP000206,STU00206,2019-09-03,Spring 2025,Walk-in  ,International Baccalaureate,Accepted
APP000974,STU00974,2024-07-31,Fall 2023,Walk-in,STEM Track,Accepted
APP000942,STU00942,2024-11-22,Spring 2025,Agent/Partner,Sports Academy,Accepted
APP000455,STU00455,2021-12-05,Spring 2025,Referral,  Sports Academy,Accepted
APP000108,STU00108,2023-08-08,Fall 2023,Referral,International Baccalaureate,Accepted
APP000656,STU00656,"March 06, 2021",Fall 2023,Website,  STEM Track,Accepted
APP001004,,2024-10-15,Fall 2023,Website,International Baccalaureate,Accepted
APP000060,STU00060,25/7/2020,Fall 2025,website,Arts Track,Accepted
APP000935,STU00935,,Fall 2024,Website,STEM Track,Accepted
APP001229,,2021-05-20,Fall 2024,Social Media,Sports Academy,Rejected
APP000297,STU00297,2019-04-16,Fall 2025,Referral,General Track,Accepted
APP000245,STU00245,44816,Spring 2024,Walk-in,,Accepted
APP000198,STU00198,2019-08-09,Fall 2025,Referral,International Baccalaureate,Accepted
APP000667,STU00667,22/2/2021,Fall 2025,Referral,Sports Academy,Accepted
APP000269,STU00269,10/19/2020,Fall 2025,Referral,General Track,Accepted  
APP000716,STU00716,2023-09-19,Fall 2025,Social Media,Arts Track,Accepted
APP000597,STU00597,2023-10-20,Spring 2025,Walk-in,General Track,Accepted
APP001299,,2023-08-26,Fall 2025,Website,Sports Academy,Rejected
APP001071,,2023-08-05,Fall 2024,  Referral,Sports Academy,Accepted
APP000384,STU00384,25/3/2025,Fall 2023,,Arts Track,Accepted
APP000962,STU00962,2021-10-10,Spring 2025,School Fair,Sports Academy,Accepted
APP000187,STU00187,2021-02-15,Spring 2024,Website,Arts Track,Accepted
APP000616,STU00616,2025-05-05,Spring 2024,  School Fair,Sports Academy,Accepted
APP000722,stu00722,2025-05-09,Spring 2025,Agent/Partner,General Track,Accepted
APP000488,STU00488,2024-09-20,Fall 2025,Website,General Track,Accepted
APP000811,STU00811,2023-03-08,Spring 2024,Walk-in,International Baccalaureate,Accepted
APP001050,,27/2/2023,Spring 2024,Walk-in,Sports Academy,Pending
APP001271,,4/27/2024,Fall 2025,REFERRAL,General Track,Accepted
APP001075,,2024-02-02,Fall 2023,Social Media,Sports Academy,Accepted
APP000313,S0313,2021-08-20,Spring 2024,,General Track,Accepted
APP000008,STU00008,"March 15, 2019",Fall 2025,school fair,General Track,Accepted
APP000168,S0168,2019-12-14,Fall 2024,Social Media,STEM Track,Accepted
APP001222,,2021-01-28,,School Fair,General Track,Accepted
APP000489,STU489,27-Oct-2019,Fall 2023,Walk-in,General Track,Accepted
APP000216,STU00216,2022-02-19,Fall 2025,Referral,STEM Track,Accepted
APP000635,STU00635,,Fall 2024,School Fair,International Baccalaureate,Accepted
APP001282,,2022-04-23,Fall 2023,Social Media,STEM Track,Accepted
APP001230,,"August 16, 2023",Fall 2025,Agent/Partner,International Baccalaureate,Accepted
APP000561,STU00561,2023-08-05,Spring 2025,Website,International Baccalaureate,Accepted
APP001055,,"February 06, 2022",Fall 2025,Website,International Baccalaureate,Waitlisted
APP000652,STU00652,2021-03-27,Spring 2025,Website,STEM Track,Accepted
APP000251,STU00251,2021-07-02,Spring 2024,Referral,,Accepted
APP000837,STU00837,2019-06-03,,Walk-in,STEM TRACK,Accepted
APP000629,STU00629,02-Nov-2021,Spring 2025,School Fair,International Baccalaureate,accepted
APP000910,STU00910,2022-05-28,Fall 2025,Website,Sports Academy,Accepted
APP000396,stu00396,2019-12-06,Fall 2025,Walk-in,  STEM Track,Accepted
APP001269,,2022-02-01,Fall 2023,Social Media,Arts Track,Accepted
APP000760,STU00760,2023-07-15,Spring 2025,Agent/Partner,STEM Track,
APP000582,STU00582,8/9/2021,Spring 2024,Referral,STEM Track,Accepted
APP000226,STU00226,2020-08-10,Spring 2025,Social Media,  International Baccalaureate,Accepted
APP000991,STU00991,2019-03-28,Spring 2025,Website,Sports Academy,Accepted
,STU00898,2022-07-30,Fall 2025,Social Media,Arts Track,ACCEPTED
APP000887,STU00887,"August 07, 2023",Spring 2025,Website,STEM Track,Accepted
APP001285,,2020-03-12,Fall 2023,Referral,International Baccalaureate,Accepted
APP000346,stu00346,2022-10-08,Fall 2023,School Fair,General Track,Accepted
APP000126,STU00126,2023-01-07,Fall 2023,Website,General Track,Accepted
APP000035,STU00035,2019-10-13,Spring 2024,Website,General Track,Accepted
APP000374,stu00374,2020-06-06,,Social Media,Arts Track,Accepted
APP000658,STU00658,2022-05-19,Fall 2024,Social Media,Arts Track,Accepted
APP000190,S0190,2020-05-13,Spring 2025,REFERRAL,Sports Academy,Accepted
APP000119,STU00119,11-Jul-2023,,School Fair,International Baccalaureate,Accepted
APP000146,STU00146,2025-04-17,Spring 2024,Walk-in,STEM Track,Accepted
APP000736,STU00736,"August 12, 2023",Fall 2023,Social Media,Sports Academy,Accepted
APP001089,,2024-10-31,Fall 2024,Social Media,STEM Track,  Rejected
APP001238,,2020-06-07,Fall 2023,Website,Sports Academy,Accepted
APP000164,STU00164,2024-10-24,Spring 2025,Walk-in,Sports Academy,Accepted
APP000349,STU00349,2024-11-17,Spring 2024,Referral,International Baccalaureate,accepted
APP000670,STU00670,2022-12-09,Fall 2023,Agent/Partner,Arts Track,Accepted
APP000457,STU00457,2021-08-14,Fall 2023,Referral,STEM Track,Accepted
APP001204,,2025-04-24,Fall 2025,WEBSITE,International Baccalaureate,Accepted  
APP001277,,2024-11-04,Fall 2023,Website,STEM Track,Accepted
APP000035,STU00035,2019-10-13,Spring 2024,Website,General Track,Accepted
APP000530,530,2024-02-09,Fall 2023,Social Media,STEM Track,Accepted
APP000771,STU00771,2024-08-30,Fall 2025,Walk-in,Sports Academy,Accepted
APP000581,STU00581,"April 22, 2021",Spring 2024,Website,Arts Track,Accepted
APP001033,,2019-05-23,Spring 2025,Walk-in,International Baccalaureate,Accepted
APP000516,STU00516,2022-09-28,Fall 2025,Walk-in,STEM Track,Accepted
APP001291,,2023-01-15,Spring 2025,School Fair,General Track,Rejected
APP000367,stu00367,2019-03-17,Spring 2024,Walk-in,Arts Track,Accepted
APP000415,STU00415,,Fall 2024,Website,,Accepted
APP000072,STU00072,29/8/2019,Fall 2024,Walk-in,Sports Academy,Accepted
APP001000,STU01000,2022-05-25,Fall 2024,Social Media,STEM Track,Accepted
APP000803,STU00803,2020-08-27,Spring 2024,Website,STEM TRACK,Accepted
