dataset,issue_type,count
sis_students,inconsistent_id_format,0
sis_students,inconsistent_date_format,437
sis_students,casing_whitespace_inconsistency,325
sis_students,missing_values,324
sis_students,exact_duplicates,20
sis_students,near_duplicates,10
sis_students,orphan_references,0
lms_course_activity,inconsistent_id_format,317
lms_course_activity,inconsistent_date_format,997
lms_course_activity,casing_whitespace_inconsistency,587
lms_course_activity,missing_values,752
lms_course_activity,exact_duplicates,49
lms_course_activity,near_duplicates,37
lms_course_activity,orphan_references,24
attendance_records,inconsistent_id_format,4790
attendance_records,inconsistent_date_format,7985
attendance_records,casing_whitespace_inconsistency,6314
attendance_records,missing_values,7260
attendance_records,exact_duplicates,400
attendance_records,near_duplicates,200
attendance_records,orphan_references,80
gradebook_assessments,inconsistent_id_format,557
gradebook_assessments,inconsistent_date_format,0
gradebook_assessments,casing_whitespace_inconsistency,1086
gradebook_assessments,missing_values,932
gradebook_assessments,exact_duplicates,90
gradebook_assessments,near_duplicates,67
gradebook_assessments,orphan_references,45
financial_erp_records,inconsistent_id_format,233
financial_erp_records,inconsistent_date_format,345
financial_erp_records,casing_whitespace_inconsistency,470
financial_erp_records,missing_values,533
financial_erp_records,exact_duplicates,41
financial_erp_records,near_duplicates,30
financial_erp_records,orphan_references,20
behavior_discipline_records,inconsistent_id_format,149
behavior_discipline_records,inconsistent_date_format,227
behavior_discipline_records,casing_whitespace_inconsistency,241
behavior_discipline_records,missing_values,211
behavior_discipline_records,exact_duplicates,23
behavior_discipline_records,near_duplicates,17
behavior_discipline_records,orphan_references,11
admissions_applications,inconsistent_id_format,135
admissions_applications,inconsistent_date_format,262
admissions_applications,casing_whitespace_inconsistency,330
admissions_applications,missing_values,259
admissions_applications,exact_duplicates,26
admissions_applications,near_duplicates,19
admissions_applications,orphan_references,0
